week,beer,container,forecast_liters_main,forecast_liters_alt,diff_liters,abs_diff_liters
2026-02-16,Hoop Bleke Nelis,Bottle 33cl,20.315681066237133,18.406361177138145,1.9093198890989882,1.9093198890989882
2026-02-23,Hoop Bleke Nelis,Bottle 33cl,60.53218593124151,48.5759343310597,11.956251600181808,11.956251600181808
2026-03-02,Hoop Bleke Nelis,Bottle 33cl,177.33197268473543,161.18152898450523,16.1504437002302,16.1504437002302
2026-03-09,Hoop Bleke Nelis,Bottle 33cl,50.29948703208601,72.42378088302114,-22.124293850935125,22.124293850935125
2026-03-16,Hoop Bleke Nelis,Bottle 33cl,81.48463497378359,65.11468729410848,16.369947679675107,16.369947679675107
2026-03-23,Hoop Bleke Nelis,Bottle 33cl,102.19587112048538,136.67816756445376,-34.48229644396838,34.48229644396838
2026-03-30,Hoop Bleke Nelis,Bottle 33cl,73.51449263930431,113.61875086737822,-40.10425822807392,40.10425822807392
2026-04-06,Hoop Bleke Nelis,Bottle 33cl,61.35439117166437,81.15171793694456,-19.797326765280197,19.797326765280197
2026-04-13,Hoop Bleke Nelis,Bottle 33cl,56.17580737722344,26.071535007061744,30.1042723701617,30.1042723701617
2026-04-20,Hoop Bleke Nelis,Bottle 33cl,197.0066478890537,211.70195175641925,-14.695303867365539,14.695303867365539
2026-04-27,Hoop Bleke Nelis,Bottle 33cl,63.91184595567877,81.22518623529024,-17.313340279611467,17.313340279611467
2026-05-04,Hoop Bleke Nelis,Bottle 33cl,84.17386486629809,55.18513822718202,28.988726639116067,28.988726639116067
2026-05-11,Hoop Bleke Nelis,Bottle 33cl,34.38782150369916,23.89716190321777,10.490659600481386,10.490659600481386
2026-05-18,Hoop Bleke Nelis,Bottle 33cl,43.37729543714015,49.52415067372875,-6.1468552365886,6.1468552365886
2026-05-25,Hoop Bleke Nelis,Bottle 33cl,52.064444156185125,60.01605083755306,-7.9516066813679345,7.9516066813679345
2026-06-01,Hoop Bleke Nelis,Bottle 33cl,58.19801680499553,39.44136045126148,18.75665635373405,18.75665635373405
2026-06-08,Hoop Bleke Nelis,Bottle 33cl,52.48250241365218,43.01709230343621,9.46541011021597,9.46541011021597
2026-06-15,Hoop Bleke Nelis,Bottle 33cl,59.400158756868926,100.57452183351086,-41.17436307664193,41.17436307664193
2026-06-22,Hoop Bleke Nelis,Bottle 33cl,90.0253566775052,59.53285597008848,30.492500707416724,30.492500707416724
2026-06-29,Hoop Bleke Nelis,Bottle 33cl,41.38001311307007,53.94561421465326,-12.56560110158319,12.56560110158319
2026-07-06,Hoop Bleke Nelis,Bottle 33cl,68.24603658188983,66.39508740629412,1.8509491755957015,1.8509491755957015
2026-07-13,Hoop Bleke Nelis,Bottle 33cl,61.44179257407715,81.23134352232242,-19.78955094824527,19.78955094824527
2026-07-20,Hoop Bleke Nelis,Bottle 33cl,56.34906647262002,54.1374182078221,2.2116482647979154,2.2116482647979154
2026-07-27,Hoop Bleke Nelis,Bottle 33cl,36.7096546349312,42.73492696137722,-6.0252723264460215,6.0252723264460215
2026-08-03,Hoop Bleke Nelis,Bottle 33cl,72.25353841339589,55.03391628791015,17.219622125485735,17.219622125485735
2026-08-10,Hoop Bleke Nelis,Bottle 33cl,70.93932591904544,66.9839861124293,3.955339806616138,3.955339806616138
2026-08-17,Hoop Bleke Nelis,Bottle 33cl,56.84454259792362,77.52338667733282,-20.678844079409203,20.678844079409203
2026-08-24,Hoop Bleke Nelis,Bottle 33cl,36.2466899876356,45.9278348337379,-9.681144846102299,9.681144846102299
2026-08-31,Hoop Bleke Nelis,Bottle 33cl,102.34240681821682,116.64524883103326,-14.302842012816441,14.302842012816441
2026-09-07,Hoop Bleke Nelis,Bottle 33cl,48.790621084088336,52.43425894888649,-3.6436378647981513,3.6436378647981513
2026-09-14,Hoop Bleke Nelis,Bottle 33cl,51.8338295870804,58.43881863535309,-6.604989048272685,6.604989048272685
2026-09-21,Hoop Bleke Nelis,Bottle 33cl,31.724668589894936,49.449595291380376,-17.72492670148544,17.72492670148544
2026-09-28,Hoop Bleke Nelis,Bottle 33cl,71.89684890843915,77.18484012884042,-5.287991220401267,5.287991220401267
2026-10-05,Hoop Bleke Nelis,Bottle 33cl,46.66108554904652,45.36426813050959,1.296817418536925,1.296817418536925
2026-10-12,Hoop Bleke Nelis,Bottle 33cl,52.724144167627806,40.71272972125711,12.011414446370694,12.011414446370694
2026-10-19,Hoop Bleke Nelis,Bottle 33cl,40.790645215584405,92.314296318355,-51.5236511027706,51.5236511027706
2026-10-26,Hoop Bleke Nelis,Bottle 33cl,39.64308460271364,26.883597959462023,12.75948664325162,12.75948664325162
2026-11-02,Hoop Bleke Nelis,Bottle 33cl,95.24847772118548,66.5377719038227,28.71070581736278,28.71070581736278
2026-11-09,Hoop Bleke Nelis,Bottle 33cl,163.29387447142608,162.8779191394983,0.41595533192779044,0.41595533192779044
2026-11-16,Hoop Bleke Nelis,Bottle 33cl,39.47505808344594,76.11939272721665,-36.64433464377071,36.64433464377071
2026-11-23,Hoop Bleke Nelis,Bottle 33cl,68.81213967219338,42.136064428837926,26.676075243355456,26.676075243355456
2026-11-30,Hoop Bleke Nelis,Bottle 33cl,167.47536306237618,86.72809011605308,80.7472729463231,80.7472729463231
2026-12-07,Hoop Bleke Nelis,Bottle 33cl,73.26590092026895,122.67047647318108,-49.404575552912135,49.404575552912135
2026-12-14,Hoop Bleke Nelis,Bottle 33cl,27.302323913125928,75.34501587114848,-48.042691958022544,48.042691958022544
2026-12-21,Hoop Bleke Nelis,Bottle 33cl,58.28541370072319,30.930847436864003,27.354566263859187,27.354566263859187
2026-12-28,Hoop Bleke Nelis,Bottle 33cl,105.6019197097176,81.15360363160771,24.448316078109897,24.448316078109897
2027-01-04,Hoop Bleke Nelis,Bottle 33cl,73.21900638726918,219.9711012426567,-146.7520948553875,146.7520948553875
2027-01-11,Hoop Bleke Nelis,Bottle 33cl,8.955411842811806,47.02329024959381,-38.06787840678201,38.06787840678201
2027-01-18,Hoop Bleke Nelis,Bottle 33cl,38.4168540674425,15.503420498588133,22.913433568854366,22.913433568854366
2027-01-25,Hoop Bleke Nelis,Bottle 33cl,101.6440214976286,46.36187426771294,55.28214722991566,55.28214722991566
2027-02-01,Hoop Bleke Nelis,Bottle 33cl,54.26807655631332,107.41561930449164,-53.147542748178324,53.147542748178324
2027-02-08,Hoop Bleke Nelis,Bottle 33cl,23.07116563516948,30.78685166782418,-7.715686032654702,7.715686032654702
2026-02-16,Hoop Bleke Nelis,Bottle 75cl,1.813986875537041,1.813986875537041,0.0,0.0
2026-02-23,Hoop Bleke Nelis,Bottle 75cl,1.1440115238501116,1.1440115238501116,0.0,0.0
2026-03-02,Hoop Bleke Nelis,Bottle 75cl,0.6307502102050823,0.6307502102050823,0.0,0.0
2026-03-09,Hoop Bleke Nelis,Bottle 75cl,0.2360256830035607,0.2360256830035607,0.0,0.0
2026-03-16,Hoop Bleke Nelis,Bottle 75cl,0.613720610096612,0.613720610096612,0.0,0.0
2026-03-23,Hoop Bleke Nelis,Bottle 75cl,0.720033687855036,0.720033687855036,0.0,0.0
2026-03-30,Hoop Bleke Nelis,Bottle 75cl,4.407945906596732,4.407945906596732,0.0,0.0
2026-04-06,Hoop Bleke Nelis,Bottle 75cl,0.1458732463948437,0.1458732463948437,0.0,0.0
2026-04-13,Hoop Bleke Nelis,Bottle 75cl,1.4215610532793082,1.4215610532793082,0.0,0.0
2026-04-20,Hoop Bleke Nelis,Bottle 75cl,0.2006606827960637,0.2006606827960637,0.0,0.0
2026-04-27,Hoop Bleke Nelis,Bottle 75cl,0.360075487333758,0.360075487333758,0.0,0.0
2026-05-04,Hoop Bleke Nelis,Bottle 75cl,0.3792887644389683,0.3792887644389683,0.0,0.0
2026-05-11,Hoop Bleke Nelis,Bottle 75cl,0.6122000626075207,0.6122000626075207,0.0,0.0
2026-05-18,Hoop Bleke Nelis,Bottle 75cl,7.139750199992328,7.139750199992328,0.0,0.0
2026-05-25,Hoop Bleke Nelis,Bottle 75cl,1.93898515733066,1.93898515733066,0.0,0.0
2026-06-01,Hoop Bleke Nelis,Bottle 75cl,2.8023255456499814,2.8023255456499814,0.0,0.0
2026-06-08,Hoop Bleke Nelis,Bottle 75cl,1.9903632492392684,1.9903632492392684,0.0,0.0
2026-06-15,Hoop Bleke Nelis,Bottle 75cl,0.8716454403742964,0.8716454403742964,0.0,0.0
2026-06-22,Hoop Bleke Nelis,Bottle 75cl,0.936654315558299,0.936654315558299,0.0,0.0
2026-06-29,Hoop Bleke Nelis,Bottle 75cl,6.540742355645665,6.540742355645665,0.0,0.0
2026-07-06,Hoop Bleke Nelis,Bottle 75cl,0.8228457343028426,0.8228457343028426,0.0,0.0
2026-07-13,Hoop Bleke Nelis,Bottle 75cl,2.277991713605042,2.277991713605042,0.0,0.0
2026-07-20,Hoop Bleke Nelis,Bottle 75cl,1.8663416851652657,1.8663416851652657,0.0,0.0
2026-07-27,Hoop Bleke Nelis,Bottle 75cl,1.8553856061380156,1.8553856061380156,0.0,0.0
2026-08-03,Hoop Bleke Nelis,Bottle 75cl,0.5360083047129959,0.5360083047129959,0.0,0.0
2026-08-10,Hoop Bleke Nelis,Bottle 75cl,1.1218498607281886,1.1218498607281886,0.0,0.0
2026-08-17,Hoop Bleke Nelis,Bottle 75cl,0.8380003310128478,0.8380003310128478,0.0,0.0
2026-08-24,Hoop Bleke Nelis,Bottle 75cl,0.2749784578931511,0.2749784578931511,0.0,0.0
2026-08-31,Hoop Bleke Nelis,Bottle 75cl,0.4618954357272838,0.4618954357272838,0.0,0.0
2026-09-07,Hoop Bleke Nelis,Bottle 75cl,0.8158673471256058,0.8158673471256058,0.0,0.0
2026-09-14,Hoop Bleke Nelis,Bottle 75cl,1.589418819928003,1.589418819928003,0.0,0.0
2026-09-21,Hoop Bleke Nelis,Bottle 75cl,1.6213195632746855,1.6213195632746855,0.0,0.0
2026-09-28,Hoop Bleke Nelis,Bottle 75cl,2.342259530000629,2.342259530000629,0.0,0.0
2026-10-05,Hoop Bleke Nelis,Bottle 75cl,5.684281333483806,5.684281333483806,0.0,0.0
2026-10-12,Hoop Bleke Nelis,Bottle 75cl,1.861808663748205,1.861808663748205,0.0,0.0
2026-10-19,Hoop Bleke Nelis,Bottle 75cl,0.7088253099683851,0.7088253099683851,0.0,0.0
2026-10-26,Hoop Bleke Nelis,Bottle 75cl,0.8355305928008511,0.8355305928008511,0.0,0.0
2026-11-02,Hoop Bleke Nelis,Bottle 75cl,3.275620267417645,3.275620267417645,0.0,0.0
2026-11-09,Hoop Bleke Nelis,Bottle 75cl,65.32587066634783,65.32587066634783,0.0,0.0
2026-11-16,Hoop Bleke Nelis,Bottle 75cl,160.57113972600737,160.57113972600737,0.0,0.0
2026-11-23,Hoop Bleke Nelis,Bottle 75cl,28.012588899216784,28.012588899216784,0.0,0.0
2026-11-30,Hoop Bleke Nelis,Bottle 75cl,7.94254112218844,7.94254112218844,0.0,0.0
2026-12-07,Hoop Bleke Nelis,Bottle 75cl,10.959695380938385,10.959695380938385,0.0,0.0
2026-12-14,Hoop Bleke Nelis,Bottle 75cl,30.53878079014882,30.53878079014882,0.0,0.0
2026-12-21,Hoop Bleke Nelis,Bottle 75cl,31.335036949341497,31.335036949341497,0.0,0.0
2026-12-28,Hoop Bleke Nelis,Bottle 75cl,6.794330877513271,6.794330877513271,0.0,0.0
2027-01-04,Hoop Bleke Nelis,Bottle 75cl,0.965899391563897,0.965899391563897,0.0,0.0
2027-01-11,Hoop Bleke Nelis,Bottle 75cl,0.9048898774307332,0.9048898774307332,0.0,0.0
2027-01-18,Hoop Bleke Nelis,Bottle 75cl,0.0412832292156207,0.0412832292156207,0.0,0.0
2027-01-25,Hoop Bleke Nelis,Bottle 75cl,0.0327336562263479,0.0327336562263479,0.0,0.0
2027-02-01,Hoop Bleke Nelis,Bottle 75cl,0.113767695418002,0.113767695418002,0.0,0.0
2027-02-08,Hoop Bleke Nelis,Bottle 75cl,0.0884995893175048,0.0884995893175048,0.0,0.0
2026-02-16,Hoop Bleke Nelis,Can 33cl,0.0257557709082654,0.0257557709082654,0.0,0.0
2026-02-23,Hoop Bleke Nelis,Can 33cl,0.0272852314040861,0.0272852314040861,0.0,0.0
2026-03-02,Hoop Bleke Nelis,Can 33cl,0.0098219420072768,0.0098219420072768,0.0,0.0
2026-03-09,Hoop Bleke Nelis,Can 33cl,0.0102220409572058,0.0102220409572058,0.0,0.0
2026-03-16,Hoop Bleke Nelis,Can 33cl,0.0203398154118786,0.0203398154118786,0.0,0.0
2026-03-23,Hoop Bleke Nelis,Can 33cl,0.0159078362938409,0.0159078362938409,0.0,0.0
2026-03-30,Hoop Bleke Nelis,Can 33cl,0.0079028320610479,0.0079028320610479,0.0,0.0
2026-04-06,Hoop Bleke Nelis,Can 33cl,0.0057974070260353,0.0057974070260353,0.0,0.0
2026-04-13,Hoop Bleke Nelis,Can 33cl,0.0079028320610479,0.0079028320610479,0.0,0.0
2026-04-20,Hoop Bleke Nelis,Can 33cl,0.0045012990389441,0.0045012990389441,0.0,0.0
2026-04-27,Hoop Bleke Nelis,Can 33cl,0.0055562917227527,0.0055562917227527,0.0,0.0
2026-05-04,Hoop Bleke Nelis,Can 33cl,0.0014160590997443,0.0014160590997443,0.0,0.0
2026-05-11,Hoop Bleke Nelis,Can 33cl,0.0004940315246411,0.0004940315246411,0.0,0.0
2026-05-18,Hoop Bleke Nelis,Can 33cl,0.0035977192298804,0.0035977192298804,0.0,0.0
2026-05-25,Hoop Bleke Nelis,Can 33cl,0.0025104653253251,0.0025104653253251,0.0,0.0
2026-06-01,Hoop Bleke Nelis,Can 33cl,0.0023206370586228,0.0023206370586228,0.0,0.0
2026-06-08,Hoop Bleke Nelis,Can 33cl,0.0013212385493966,0.0013212385493966,0.0,0.0
2026-06-15,Hoop Bleke Nelis,Can 33cl,0.0012116741542334,0.0012116741542334,0.0,0.0
2026-06-22,Hoop Bleke Nelis,Can 33cl,0.0009710807899201,0.0009710807899201,0.0,0.0
2026-06-29,Hoop Bleke Nelis,Can 33cl,0.0004649223050045,0.0004649223050045,0.0,0.0
2026-07-06,Hoop Bleke Nelis,Can 33cl,0.0004982145679431,0.0004982145679431,0.0,0.0
2026-07-13,Hoop Bleke Nelis,Can 33cl,0.0004386848426402,0.0004386848426402,0.0,0.0
2026-07-20,Hoop Bleke Nelis,Can 33cl,0.0004386848426402,0.0004386848426402,0.0,0.0
2026-07-27,Hoop Bleke Nelis,Can 33cl,0.0004386848426402,0.0004386848426402,0.0,0.0
2026-08-03,Hoop Bleke Nelis,Can 33cl,0.0011801793569018,0.0011801793569018,0.0,0.0
2026-08-10,Hoop Bleke Nelis,Can 33cl,0.0006990974343947,0.0006990974343947,0.0,0.0
2026-08-17,Hoop Bleke Nelis,Can 33cl,0.0008404115569623,0.0008404115569623,0.0,0.0
2026-08-24,Hoop Bleke Nelis,Can 33cl,0.0021978699447183,0.0021978699447183,0.0,0.0
2026-08-31,Hoop Bleke Nelis,Can 33cl,0.0051633374075116,0.0051633374075116,0.0,0.0
2026-09-07,Hoop Bleke Nelis,Can 33cl,0.0103213516539244,0.0103213516539244,0.0,0.0
2026-09-14,Hoop Bleke Nelis,Can 33cl,0.0103213516539244,0.0103213516539244,0.0,0.0
2026-09-21,Hoop Bleke Nelis,Can 33cl,1.5076358294379106,1.5076358294379106,0.0,0.0
2026-09-28,Hoop Bleke Nelis,Can 33cl,0.999361626012683,0.999361626012683,0.0,0.0
2026-10-05,Hoop Bleke Nelis,Can 33cl,1.202208656460546,1.202208656460546,0.0,0.0
2026-10-12,Hoop Bleke Nelis,Can 33cl,2.1342573666299955,2.1342573666299955,0.0,0.0
2026-10-19,Hoop Bleke Nelis,Can 33cl,3.359029575774053,3.359029575774053,0.0,0.0
2026-10-26,Hoop Bleke Nelis,Can 33cl,0.1375514993122562,0.1375514993122562,0.0,0.0
2026-11-02,Hoop Bleke Nelis,Can 33cl,0.1556989279730045,0.1556989279730045,0.0,0.0
2026-11-09,Hoop Bleke Nelis,Can 33cl,0.1091372862502182,0.1091372862502182,0.0,0.0
2026-11-16,Hoop Bleke Nelis,Can 33cl,0.0077715568662018,0.0077715568662018,0.0,0.0
2026-11-23,Hoop Bleke Nelis,Can 33cl,0.0056648773423044,0.0056648773423044,0.0,0.0
2026-11-30,Hoop Bleke Nelis,Can 33cl,0.0067118214878678,0.0067118214878678,0.0,0.0
2026-12-07,Hoop Bleke Nelis,Can 33cl,0.1535474594918011,0.1535474594918011,0.0,0.0
2026-12-14,Hoop Bleke Nelis,Can 33cl,0.7464295301922628,0.7464295301922628,0.0,0.0
2026-12-21,Hoop Bleke Nelis,Can 33cl,0.1866586375682776,0.1866586375682776,0.0,0.0
2026-12-28,Hoop Bleke Nelis,Can 33cl,0.547505476492962,0.547505476492962,0.0,0.0
2027-01-04,Hoop Bleke Nelis,Can 33cl,0.1175050453976965,0.1175050453976965,0.0,0.0
2027-01-11,Hoop Bleke Nelis,Can 33cl,0.5643402057256355,0.5643402057256355,0.0,0.0
2027-01-18,Hoop Bleke Nelis,Can 33cl,0.0322086564441728,0.0322086564441728,0.0,0.0
2027-01-25,Hoop Bleke Nelis,Can 33cl,0.018911142863655,0.018911142863655,0.0,0.0
2027-02-01,Hoop Bleke Nelis,Can 33cl,0.0336028866763287,0.0336028866763287,0.0,0.0
2027-02-08,Hoop Bleke Nelis,Can 33cl,0.3016939910033143,0.3016939910033143,0.0,0.0
2026-02-16,Hoop Bleke Nelis,Keg 20L,106.82795669203406,109.59043399739046,-2.7624773053563985,2.7624773053563985
2026-02-23,Hoop Bleke Nelis,Keg 20L,97.12905095710556,95.98768706661912,1.1413638904864456,1.1413638904864456
2026-03-02,Hoop Bleke Nelis,Keg 20L,78.8995681849847,79.19846882684313,-0.2989006418584239,0.2989006418584239
2026-03-09,Hoop Bleke Nelis,Keg 20L,134.10781724803323,123.85749974220194,10.25031750583129,10.25031750583129
2026-03-16,Hoop Bleke Nelis,Keg 20L,100.15441300007733,92.59520598492443,7.559207015152893,7.559207015152893
2026-03-23,Hoop Bleke Nelis,Keg 20L,123.89489625074263,114.98483004847778,8.910066202264858,8.910066202264858
2026-03-30,Hoop Bleke Nelis,Keg 20L,134.3577054161727,136.55247602046975,-2.194770604297048,2.194770604297048
2026-04-06,Hoop Bleke Nelis,Keg 20L,107.97714340759346,110.44053469570768,-2.4633912881142237,2.4633912881142237
2026-04-13,Hoop Bleke Nelis,Keg 20L,271.9790048475784,249.08385596468952,22.89514888288886,22.89514888288886
2026-04-20,Hoop Bleke Nelis,Keg 20L,123.50028875675376,113.05660864659328,10.443680110160486,10.443680110160486
2026-04-27,Hoop Bleke Nelis,Keg 20L,217.86685867403648,314.77296438864823,-96.90610571461175,96.90610571461175
2026-05-04,Hoop Bleke Nelis,Keg 20L,257.9025280305713,223.7489219108181,34.15360611975322,34.15360611975322
2026-05-11,Hoop Bleke Nelis,Keg 20L,341.1417388056667,253.8576280726939,87.2841107329728,87.2841107329728
2026-05-18,Hoop Bleke Nelis,Keg 20L,283.1261072244714,403.6145147802865,-120.48840755581512,120.48840755581512
2026-05-25,Hoop Bleke Nelis,Keg 20L,363.33265926271525,285.9028027844958,77.42985647821945,77.42985647821945
2026-06-01,Hoop Bleke Nelis,Keg 20L,341.27020559136645,307.0809819762631,34.189223615103344,34.189223615103344
2026-06-08,Hoop Bleke Nelis,Keg 20L,216.33914588732856,209.57212052933704,6.767025357991514,6.767025357991514
2026-06-15,Hoop Bleke Nelis,Keg 20L,204.7616560318123,216.67374256962285,-11.912086537810552,11.912086537810552
2026-06-22,Hoop Bleke Nelis,Keg 20L,301.2649526951046,290.6818341852808,10.583118509823805,10.583118509823805
2026-06-29,Hoop Bleke Nelis,Keg 20L,267.761576203369,277.1656126623604,-9.404036458991413,9.404036458991413
2026-07-06,Hoop Bleke Nelis,Keg 20L,211.22163136487177,244.90950255979297,-33.6878711949212,33.6878711949212
2026-07-13,Hoop Bleke Nelis,Keg 20L,210.25317600658056,246.85293896874785,-36.59976296216729,36.59976296216729
2026-07-20,Hoop Bleke Nelis,Keg 20L,262.475414846344,258.4021925124167,4.073222333927276,4.073222333927276
2026-07-27,Hoop Bleke Nelis,Keg 20L,210.35285829262915,258.335680806743,-47.98282251411388,47.98282251411388
2026-08-03,Hoop Bleke Nelis,Keg 20L,128.65317951296055,159.20319529033085,-30.550015777370305,30.550015777370305
2026-08-10,Hoop Bleke Nelis,Keg 20L,169.38384150410093,156.67512182429448,12.70871967980645,12.70871967980645
2026-08-17,Hoop Bleke Nelis,Keg 20L,116.99670177041529,144.2297194089668,-27.2330176385515,27.2330176385515
2026-08-24,Hoop Bleke Nelis,Keg 20L,176.91683749210247,154.12891889854032,22.787918593562154,22.787918593562154
2026-08-31,Hoop Bleke Nelis,Keg 20L,137.544276710064,136.2656748169411,1.2786018931228966,1.2786018931228966
2026-09-07,Hoop Bleke Nelis,Keg 20L,307.91942342452194,232.0756989124784,75.84372451204354,75.84372451204354
2026-09-14,Hoop Bleke Nelis,Keg 20L,187.98882638950712,135.7346823561157,52.25414403339141,52.25414403339141
2026-09-21,Hoop Bleke Nelis,Keg 20L,132.0586339394579,170.6593302481538,-38.60069630869589,38.60069630869589
2026-09-28,Hoop Bleke Nelis,Keg 20L,300.10724137293283,184.52331669316925,115.58392467976358,115.58392467976358
2026-10-05,Hoop Bleke Nelis,Keg 20L,279.2878769344987,222.702457807712,56.58541912678669,56.58541912678669
2026-10-12,Hoop Bleke Nelis,Keg 20L,193.49357520627905,169.42087983924992,24.072695367029127,24.072695367029127
2026-10-19,Hoop Bleke Nelis,Keg 20L,112.18144302267126,106.78246917556277,5.398973847108493,5.398973847108493
2026-10-26,Hoop Bleke Nelis,Keg 20L,177.67785005359195,194.87171439976223,-17.193864346170272,17.193864346170272
2026-11-02,Hoop Bleke Nelis,Keg 20L,86.6477884354374,89.19571395755028,-2.5479255221128767,2.5479255221128767
2026-11-09,Hoop Bleke Nelis,Keg 20L,114.66414658947345,103.02831644572704,11.635830143746404,11.635830143746404
2026-11-16,Hoop Bleke Nelis,Keg 20L,97.1034189901976,92.60141318020156,4.502005809996035,4.502005809996035
2026-11-23,Hoop Bleke Nelis,Keg 20L,115.46725114492158,94.45707044093064,21.01018070399094,21.01018070399094
2026-11-30,Hoop Bleke Nelis,Keg 20L,98.4046362648788,180.97900768742247,-82.57437142254366,82.57437142254366
2026-12-07,Hoop Bleke Nelis,Keg 20L,95.3978816549362,91.87594835251856,3.5219333024176365,3.5219333024176365
2026-12-14,Hoop Bleke Nelis,Keg 20L,81.7805473889735,81.65151975880877,0.12902763016472818,0.12902763016472818
2026-12-21,Hoop Bleke Nelis,Keg 20L,288.7887206807133,159.1919831521158,129.59673752859752,129.59673752859752
2026-12-28,Hoop Bleke Nelis,Keg 20L,191.5104131570812,108.71886872770848,82.7915444293727,82.7915444293727
2027-01-04,Hoop Bleke Nelis,Keg 20L,78.5183137219989,51.06214482229882,27.456168899700074,27.456168899700074
2027-01-11,Hoop Bleke Nelis,Keg 20L,99.98525362748843,64.67203080095095,35.31322282653748,35.31322282653748
2027-01-18,Hoop Bleke Nelis,Keg 20L,66.30282393301253,100.42070214333148,-34.11787821031895,34.11787821031895
2027-01-25,Hoop Bleke Nelis,Keg 20L,35.63182189525983,111.26650665340254,-75.63468475814271,75.63468475814271
2027-02-01,Hoop Bleke Nelis,Keg 20L,101.70428701071958,74.48732643285227,27.21696057786731,27.21696057786731
2027-02-08,Hoop Bleke Nelis,Keg 20L,107.24760384365196,82.68544641069226,24.562157432959694,24.562157432959694
2026-02-16,Hoop Bleke Nelis,Keg 50L,1.54674644464027e-05,1.4500474758731706e-05,9.669896876709939e-07,9.669896876709939e-07
2026-02-23,Hoop Bleke Nelis,Keg 50L,1.54674644464027e-05,1.4500474758731706e-05,9.669896876709939e-07,9.669896876709939e-07
2026-03-02,Hoop Bleke Nelis,Keg 50L,1.54674644464027e-05,1.4500474758731706e-05,9.669896876709939e-07,9.669896876709939e-07
2026-03-09,Hoop Bleke Nelis,Keg 50L,1.828330925263459e-05,1.7010396279524963e-05,1.272912973109626e-06,1.272912973109626e-06
2026-03-16,Hoop Bleke Nelis,Keg 50L,1.828330925263459e-05,1.7010396279524963e-05,1.272912973109626e-06,1.272912973109626e-06
2026-03-23,Hoop Bleke Nelis,Keg 50L,1.828330925263459e-05,1.7010396279524963e-05,1.272912973109626e-06,1.272912973109626e-06
2026-03-30,Hoop Bleke Nelis,Keg 50L,1.828330925263459e-05,1.7010396279524963e-05,1.272912973109626e-06,1.272912973109626e-06
2026-04-06,Hoop Bleke Nelis,Keg 50L,1.828330925263459e-05,1.7010396279524963e-05,1.272912973109626e-06,1.272912973109626e-06
2026-04-13,Hoop Bleke Nelis,Keg 50L,1.828330925263459e-05,1.7010396279524963e-05,1.272912973109626e-06,1.272912973109626e-06
2026-04-20,Hoop Bleke Nelis,Keg 50L,1.828330925263459e-05,1.7010396279524963e-05,1.272912973109626e-06,1.272912973109626e-06
2026-04-27,Hoop Bleke Nelis,Keg 50L,0.0005494792907545,0.0006414835289471,-9.20042381926e-05,9.20042381926e-05
2026-05-04,Hoop Bleke Nelis,Keg 50L,0.0006401326190401,0.0006414835289471,-1.3509099070000124e-06,1.3509099070000124e-06
2026-05-11,Hoop Bleke Nelis,Keg 50L,0.0013974310437481,0.0008959030113619,0.0005015280323862,0.0005015280323862
2026-05-18,Hoop Bleke Nelis,Keg 50L,0.001332907553407,0.0017469989814002,-0.0004140914279932,0.0004140914279932
2026-05-25,Hoop Bleke Nelis,Keg 50L,0.001332907553407,0.0017469989814002,-0.0004140914279932,0.0004140914279932
2026-06-01,Hoop Bleke Nelis,Keg 50L,0.0001997845190469,0.0001061975761022,9.358694294469999e-05,9.358694294469999e-05
2026-06-08,Hoop Bleke Nelis,Keg 50L,7.891454355867455e-05,4.123224940797799e-05,3.768229415069656e-05,3.768229415069656e-05
2026-06-15,Hoop Bleke Nelis,Keg 50L,7.891454355867455e-05,4.123224940797799e-05,3.768229415069656e-05,3.768229415069656e-05
2026-06-22,Hoop Bleke Nelis,Keg 50L,8.32196039683278e-05,4.123224940797799e-05,4.198735456034981e-05,4.198735456034981e-05
2026-06-29,Hoop Bleke Nelis,Keg 50L,7.891454355867455e-05,4.123224940797799e-05,3.768229415069656e-05,3.768229415069656e-05
2026-07-06,Hoop Bleke Nelis,Keg 50L,7.891454355867455e-05,4.123224940797799e-05,3.768229415069656e-05,3.768229415069656e-05
2026-07-13,Hoop Bleke Nelis,Keg 50L,8.32196039683278e-05,4.123224940797799e-05,4.198735456034981e-05,4.198735456034981e-05
2026-07-20,Hoop Bleke Nelis,Keg 50L,7.891454355867455e-05,4.123224940797799e-05,3.768229415069656e-05,3.768229415069656e-05
2026-07-27,Hoop Bleke Nelis,Keg 50L,7.891454355867455e-05,4.123224940797799e-05,3.768229415069656e-05,3.768229415069656e-05
2026-08-03,Hoop Bleke Nelis,Keg 50L,0.0004073226023295,0.0003081029289584,9.921967337110004e-05,9.921967337110004e-05
2026-08-10,Hoop Bleke Nelis,Keg 50L,0.0004830812490622,0.0003478431219021,0.00013523812716010003,0.00013523812716010003
2026-08-17,Hoop Bleke Nelis,Keg 50L,0.0004830812490622,0.0003478431219021,0.00013523812716010003,0.00013523812716010003
2026-08-24,Hoop Bleke Nelis,Keg 50L,0.0029048269847929,0.0025992150856405,0.0003056118991524,0.0003056118991524
2026-08-31,Hoop Bleke Nelis,Keg 50L,0.0005627802000449,0.0003478431219021,0.00021493707814280007,0.00021493707814280007
2026-09-07,Hoop Bleke Nelis,Keg 50L,0.0012229957958605,0.0008959030113619,0.00032709278449860005,0.00032709278449860005
2026-09-14,Hoop Bleke Nelis,Keg 50L,0.0012229957958605,0.0008959030113619,0.00032709278449860005,0.00032709278449860005
2026-09-21,Hoop Bleke Nelis,Keg 50L,0.0011943787324356,0.0017469989814002,-0.0005526202489646,0.0005526202489646
2026-09-28,Hoop Bleke Nelis,Keg 50L,0.0011943787324356,0.0017469989814002,-0.0005526202489646,0.0005526202489646
2026-10-05,Hoop Bleke Nelis,Keg 50L,0.0013914278462978,0.0017469989814002,-0.0003555711351024,0.0003555711351024
2026-10-12,Hoop Bleke Nelis,Keg 50L,0.0008481173117598,0.0012648578332814,-0.00041674052152159996,0.00041674052152159996
2026-10-19,Hoop Bleke Nelis,Keg 50L,0.0008481173117598,0.0012648578332814,-0.00041674052152159996,0.00041674052152159996
2026-10-26,Hoop Bleke Nelis,Keg 50L,4.6298206401292335e-05,4.63256555040767e-05,-2.744910278436476e-08,2.744910278436476e-08
2026-11-02,Hoop Bleke Nelis,Keg 50L,2.8583644772498587e-05,3.3230677623308605e-05,-4.6470328508100185e-06,4.6470328508100185e-06
2026-11-09,Hoop Bleke Nelis,Keg 50L,2.8583644772498587e-05,3.3230677623308605e-05,-4.6470328508100185e-06,4.6470328508100185e-06
2026-11-16,Hoop Bleke Nelis,Keg 50L,2.256657597361425e-05,2.8327417784636908e-05,-5.760841811022659e-06,5.760841811022659e-06
2026-11-23,Hoop Bleke Nelis,Keg 50L,2.256657597361425e-05,2.8327417784636908e-05,-5.760841811022659e-06,5.760841811022659e-06
2026-11-30,Hoop Bleke Nelis,Keg 50L,2.256657597361425e-05,2.8327417784636908e-05,-5.760841811022659e-06,5.760841811022659e-06
2026-12-07,Hoop Bleke Nelis,Keg 50L,4.252168615326102e-05,5.799498341203651e-05,-1.547329725877549e-05,1.547329725877549e-05
2026-12-14,Hoop Bleke Nelis,Keg 50L,2.256657597361425e-05,2.8327417784636908e-05,-5.760841811022659e-06,5.760841811022659e-06
2026-12-21,Hoop Bleke Nelis,Keg 50L,2.256657597361425e-05,2.8327417784636908e-05,-5.760841811022659e-06,5.760841811022659e-06
2026-12-28,Hoop Bleke Nelis,Keg 50L,2.667481077641149e-05,3.3230677623308605e-05,-6.555866846897117e-06,6.555866846897117e-06
2027-01-04,Hoop Bleke Nelis,Keg 50L,2.424490923063208e-05,2.8327417784636908e-05,-4.082508554004829e-06,4.082508554004829e-06
2027-01-11,Hoop Bleke Nelis,Keg 50L,2.424490923063208e-05,2.8327417784636908e-05,-4.082508554004829e-06,4.082508554004829e-06
2027-01-18,Hoop Bleke Nelis,Keg 50L,2.424490923063208e-05,2.8327417784636908e-05,-4.082508554004829e-06,4.082508554004829e-06
2027-01-25,Hoop Bleke Nelis,Keg 50L,2.442810969444805e-05,2.8327417784636908e-05,-3.899308090188857e-06,3.899308090188857e-06
2027-02-01,Hoop Bleke Nelis,Keg 50L,2.442810969444805e-05,2.8327417784636908e-05,-3.899308090188857e-06,3.899308090188857e-06
2027-02-08,Hoop Bleke Nelis,Keg 50L,2.442810969444805e-05,2.8327417784636908e-05,-3.899308090188857e-06,3.899308090188857e-06
2026-02-16,Hoop Bleke Nelis,Other,21.424233872467735,19.19251315718132,2.2317207152864142,2.2317207152864142
2026-02-23,Hoop Bleke Nelis,Other,33.23684829551529,34.000282509516616,-0.7634342140013288,0.7634342140013288
2026-03-02,Hoop Bleke Nelis,Other,20.186673309793083,18.24218931291223,1.9444839968808516,1.9444839968808516
2026-03-09,Hoop Bleke Nelis,Other,47.65128485983941,50.56920370956336,-2.9179188497239537,2.9179188497239537
2026-03-16,Hoop Bleke Nelis,Other,33.61643426386512,33.08089033224665,0.53554393161847,0.53554393161847
2026-03-23,Hoop Bleke Nelis,Other,14.346078302261017,15.304187117236408,-0.9581088149753914,0.9581088149753914
2026-03-30,Hoop Bleke Nelis,Other,9.6795279365774,11.336368917860442,-1.6568409812830414,1.6568409812830414
2026-04-06,Hoop Bleke Nelis,Other,5.390352861347367,5.336300870318433,0.05405199102893388,0.05405199102893388
2026-04-13,Hoop Bleke Nelis,Other,8.770241614205572,9.078841440714427,-0.3085998265088552,0.3085998265088552
2026-04-20,Hoop Bleke Nelis,Other,17.7478587476789,15.492502323235188,2.255356424443713,2.255356424443713
2026-04-27,Hoop Bleke Nelis,Other,17.074592066838168,15.11672018162011,1.9578718852180579,1.9578718852180579
2026-05-04,Hoop Bleke Nelis,Other,10.103684505662764,10.15913402431474,-0.05544951865197589,0.05544951865197589
2026-05-11,Hoop Bleke Nelis,Other,8.571070591396028,9.296714507371773,-0.7256439159757448,0.7256439159757448
2026-05-18,Hoop Bleke Nelis,Other,18.272673524945343,27.230391448466616,-8.957717923521272,8.957717923521272
2026-05-25,Hoop Bleke Nelis,Other,19.091346725164897,27.94946473717237,-8.858118012007473,8.858118012007473
2026-06-01,Hoop Bleke Nelis,Other,49.38389214945485,56.48803880495664,-7.104146655501786,7.104146655501786
2026-06-08,Hoop Bleke Nelis,Other,34.06835193258548,21.50637880764756,12.561973124937918,12.561973124937918
2026-06-15,Hoop Bleke Nelis,Other,27.618573391562197,28.547125628867192,-0.928552237304995,0.928552237304995
2026-06-22,Hoop Bleke Nelis,Other,19.560636554926518,26.72859611388908,-7.167959558962561,7.167959558962561
2026-06-29,Hoop Bleke Nelis,Other,13.609471106238988,10.03287938848488,3.576591717754109,3.576591717754109
2026-07-06,Hoop Bleke Nelis,Other,13.779027502556634,11.008902223571928,2.7701252789847057,2.7701252789847057
2026-07-13,Hoop Bleke Nelis,Other,10.839168363963214,10.305888745146792,0.5332796188164224,0.5332796188164224
2026-07-20,Hoop Bleke Nelis,Other,16.747637304423414,20.52091108981103,-3.773273785387616,3.773273785387616
2026-07-27,Hoop Bleke Nelis,Other,27.422658165558616,34.449390469506696,-7.02673230394808,7.02673230394808
2026-08-03,Hoop Bleke Nelis,Other,24.97783491899528,27.90238136242363,-2.9245464434283477,2.9245464434283477
2026-08-10,Hoop Bleke Nelis,Other,15.607946785244833,13.37579152006188,2.2321552651829535,2.2321552651829535
2026-08-17,Hoop Bleke Nelis,Other,8.874427980736456,7.3080893193165,1.5663386614199561,1.5663386614199561
2026-08-24,Hoop Bleke Nelis,Other,27.212174502311,32.088106949272,-4.875932446961002,4.875932446961002
2026-08-31,Hoop Bleke Nelis,Other,13.373740356035132,12.985842718721054,0.38789763731407767,0.38789763731407767
2026-09-07,Hoop Bleke Nelis,Other,24.00281383687945,22.852516716605987,1.1502971202734642,1.1502971202734642
2026-09-14,Hoop Bleke Nelis,Other,20.131864514097607,21.150250485229027,-1.0183859711314192,1.0183859711314192
2026-09-21,Hoop Bleke Nelis,Other,15.28960299031538,10.179672995670003,5.109929994645377,5.109929994645377
2026-09-28,Hoop Bleke Nelis,Other,13.713972421107025,14.144384669132569,-0.4304122480255437,0.4304122480255437
2026-10-05,Hoop Bleke Nelis,Other,7.25227499561426,8.720140593915424,-1.467865598301164,1.467865598301164
2026-10-12,Hoop Bleke Nelis,Other,12.387255663179197,10.137168729611597,2.2500869335675997,2.2500869335675997
2026-10-19,Hoop Bleke Nelis,Other,9.00731807653646,16.985880625041116,-7.978562548504655,7.978562548504655
2026-10-26,Hoop Bleke Nelis,Other,12.335585887364491,20.72216821277268,-8.386582325408188,8.386582325408188
2026-11-02,Hoop Bleke Nelis,Other,23.49239475833036,24.08833241989625,-0.5959376615658911,0.5959376615658911
2026-11-09,Hoop Bleke Nelis,Other,34.91589684174556,30.999839177517163,3.9160576642283935,3.9160576642283935
2026-11-16,Hoop Bleke Nelis,Other,33.3670918343299,31.075274709539357,2.2918171247905406,2.2918171247905406
2026-11-23,Hoop Bleke Nelis,Other,27.131064298131623,19.439527374218606,7.6915369239130165,7.6915369239130165
2026-11-30,Hoop Bleke Nelis,Other,26.92246607097321,29.606743572558525,-2.6842775015853135,2.6842775015853135
2026-12-07,Hoop Bleke Nelis,Other,27.49560509610488,34.29698989285357,-6.801384796748685,6.801384796748685
2026-12-14,Hoop Bleke Nelis,Other,22.900821112736963,21.247747149230737,1.6530739635062268,1.6530739635062268
2026-12-21,Hoop Bleke Nelis,Other,16.710536281084874,16.484754072785748,0.2257822082991261,0.2257822082991261
2026-12-28,Hoop Bleke Nelis,Other,14.02922977551247,14.053171201695385,-0.023941426182915393,0.023941426182915393
2027-01-04,Hoop Bleke Nelis,Other,6.289724771349187,5.457835334661275,0.8318894366879119,0.8318894366879119
2027-01-11,Hoop Bleke Nelis,Other,9.279684008133108,12.499366800634832,-3.2196827925017235,3.2196827925017235
2027-01-18,Hoop Bleke Nelis,Other,9.668811312790334,11.854124108720224,-2.1853127959298906,2.1853127959298906
2027-01-25,Hoop Bleke Nelis,Other,12.357136584656631,12.305819892927309,0.05131669172932263,0.05131669172932263
2027-02-01,Hoop Bleke Nelis,Other,13.416690264258456,8.07815458616633,5.338535678092127,5.338535678092127
2027-02-08,Hoop Bleke Nelis,Other,39.551938150107176,46.47876047013254,-6.926822320025366,6.926822320025366
2026-02-16,Hoop Kaper Tropical IPA,Bottle 33cl,19.240345663730388,17.341836095049615,1.8985095686807725,1.8985095686807725
2026-02-23,Hoop Kaper Tropical IPA,Bottle 33cl,17.122806298702034,15.41575122626847,1.7070550724335636,1.7070550724335636
2026-03-02,Hoop Kaper Tropical IPA,Bottle 33cl,16.155376636609198,16.35996646595374,-0.20458982934454184,0.20458982934454184
2026-03-09,Hoop Kaper Tropical IPA,Bottle 33cl,22.692702279312147,16.930318754676204,5.762383524635943,5.762383524635943
2026-03-16,Hoop Kaper Tropical IPA,Bottle 33cl,25.72744622579284,27.6658752781928,-1.938429052399961,1.938429052399961
2026-03-23,Hoop Kaper Tropical IPA,Bottle 33cl,21.22662687069982,20.98014478305773,0.24648208764208945,0.24648208764208945
2026-03-30,Hoop Kaper Tropical IPA,Bottle 33cl,28.210836651614372,22.006373549855304,6.2044631017590675,6.2044631017590675
2026-04-06,Hoop Kaper Tropical IPA,Bottle 33cl,21.236521840358925,20.202133415794663,1.0343884245642627,1.0343884245642627
2026-04-13,Hoop Kaper Tropical IPA,Bottle 33cl,54.900338432324006,51.59375161200165,3.3065868203223587,3.3065868203223587
2026-04-20,Hoop Kaper Tropical IPA,Bottle 33cl,20.84553666940838,24.32544281242864,-3.479906143020262,3.479906143020262
2026-04-27,Hoop Kaper Tropical IPA,Bottle 33cl,24.87072724990889,29.54867245906953,-4.67794520916064,4.67794520916064
2026-05-04,Hoop Kaper Tropical IPA,Bottle 33cl,85.85445389159037,52.56280373149312,33.29165016009725,33.29165016009725
2026-05-11,Hoop Kaper Tropical IPA,Bottle 33cl,64.2793616925144,71.87794910809663,-7.59858741558223,7.59858741558223
2026-05-18,Hoop Kaper Tropical IPA,Bottle 33cl,32.85835659787539,33.8356520519559,-0.9772954540805046,0.9772954540805046
2026-05-25,Hoop Kaper Tropical IPA,Bottle 33cl,54.64924930729015,53.91870545659672,0.7305438506934294,0.7305438506934294
2026-06-01,Hoop Kaper Tropical IPA,Bottle 33cl,41.01338116988147,62.04959103719635,-21.03620986731488,21.03620986731488
2026-06-08,Hoop Kaper Tropical IPA,Bottle 33cl,86.61425344133748,79.16748505600263,7.446768385334849,7.446768385334849
2026-06-15,Hoop Kaper Tropical IPA,Bottle 33cl,26.935324560832115,33.929579294642714,-6.9942547338106,6.9942547338106
2026-06-22,Hoop Kaper Tropical IPA,Bottle 33cl,139.90093830765193,114.81968844976132,25.08124985789061,25.08124985789061
2026-06-29,Hoop Kaper Tropical IPA,Bottle 33cl,57.848395197030186,89.17040426682088,-31.322009069790695,31.322009069790695
2026-07-06,Hoop Kaper Tropical IPA,Bottle 33cl,66.82316559761837,61.33174282133135,5.491422776287017,5.491422776287017
2026-07-13,Hoop Kaper Tropical IPA,Bottle 33cl,58.80595385435972,43.53575901897571,15.270194835384011,15.270194835384011
2026-07-20,Hoop Kaper Tropical IPA,Bottle 33cl,59.6818981956964,77.36570651714862,-17.683808321452226,17.683808321452226
2026-07-27,Hoop Kaper Tropical IPA,Bottle 33cl,60.05654644118061,59.88297226372612,0.17357417745449055,0.17357417745449055
2026-08-03,Hoop Kaper Tropical IPA,Bottle 33cl,41.58712957317126,42.97320463027864,-1.3860750571073766,1.3860750571073766
2026-08-10,Hoop Kaper Tropical IPA,Bottle 33cl,61.25613947373751,46.33341052857678,14.922728945160735,14.922728945160735
2026-08-17,Hoop Kaper Tropical IPA,Bottle 33cl,51.43834482297025,66.53338420351095,-15.095039380540697,15.095039380540697
2026-08-24,Hoop Kaper Tropical IPA,Bottle 33cl,66.77872915743157,61.34643053988523,5.432298617546337,5.432298617546337
2026-08-31,Hoop Kaper Tropical IPA,Bottle 33cl,49.26033238958974,45.33312987481358,3.9272025147761624,3.9272025147761624
2026-09-07,Hoop Kaper Tropical IPA,Bottle 33cl,59.935848315422646,71.15348976513583,-11.217641449713184,11.217641449713184
2026-09-14,Hoop Kaper Tropical IPA,Bottle 33cl,63.40812215806633,78.3135740921974,-14.905451934131072,14.905451934131072
2026-09-21,Hoop Kaper Tropical IPA,Bottle 33cl,61.4680423298082,62.20821631626537,-0.7401739864571724,0.7401739864571724
2026-09-28,Hoop Kaper Tropical IPA,Bottle 33cl,86.48556937988597,43.801533617399706,42.68403576248627,42.68403576248627
2026-10-05,Hoop Kaper Tropical IPA,Bottle 33cl,71.5847731601926,77.54776449501078,-5.962991334818184,5.962991334818184
2026-10-12,Hoop Kaper Tropical IPA,Bottle 33cl,47.54647410395126,49.74154255230725,-2.1950684483559897,2.1950684483559897
2026-10-19,Hoop Kaper Tropical IPA,Bottle 33cl,34.76038047886434,30.189387768360984,4.570992710503358,4.570992710503358
2026-10-26,Hoop Kaper Tropical IPA,Bottle 33cl,48.82789893294844,41.42723055338874,7.400668379559704,7.400668379559704
2026-11-02,Hoop Kaper Tropical IPA,Bottle 33cl,52.2919398023352,44.62745450219686,7.664485300138338,7.664485300138338
2026-11-09,Hoop Kaper Tropical IPA,Bottle 33cl,33.098413278404855,41.88322688750303,-8.784813609098173,8.784813609098173
2026-11-16,Hoop Kaper Tropical IPA,Bottle 33cl,62.24511771239821,57.813602728756095,4.431514983642117,4.431514983642117
2026-11-23,Hoop Kaper Tropical IPA,Bottle 33cl,32.23900951373115,31.29473100863117,0.9442785050999767,0.9442785050999767
2026-11-30,Hoop Kaper Tropical IPA,Bottle 33cl,60.19428501012917,43.04992301555232,17.144361994576855,17.144361994576855
2026-12-07,Hoop Kaper Tropical IPA,Bottle 33cl,25.094688111839503,37.68211332638585,-12.58742521454635,12.58742521454635
2026-12-14,Hoop Kaper Tropical IPA,Bottle 33cl,91.22603541973452,100.36355266938249,-9.13751724964797,9.13751724964797
2026-12-21,Hoop Kaper Tropical IPA,Bottle 33cl,31.55848744783597,28.398371962527136,3.1601154853088325,3.1601154853088325
2026-12-28,Hoop Kaper Tropical IPA,Bottle 33cl,103.21396762008398,71.47785107759213,31.736116542491843,31.736116542491843
2027-01-04,Hoop Kaper Tropical IPA,Bottle 33cl,13.75614293814321,14.398088223884631,-0.6419452857414214,0.6419452857414214
2027-01-11,Hoop Kaper Tropical IPA,Bottle 33cl,27.0043123485267,37.84782605252111,-10.843513703994407,10.843513703994407
2027-01-18,Hoop Kaper Tropical IPA,Bottle 33cl,12.055414806241371,8.54048996238199,3.514924843859381,3.514924843859381
2027-01-25,Hoop Kaper Tropical IPA,Bottle 33cl,18.3924022058697,19.291610883662607,-0.899208677792906,0.899208677792906
2027-02-01,Hoop Kaper Tropical IPA,Bottle 33cl,31.29925837366921,27.263944444293774,4.035313929375437,4.035313929375437
2027-02-08,Hoop Kaper Tropical IPA,Bottle 33cl,17.183591687590482,18.04038931929661,-0.8567976317061294,0.8567976317061294
2026-02-16,Hoop Kaper Tropical IPA,Can 33cl,0.1622614686735589,0.1622614686735589,0.0,0.0
2026-02-23,Hoop Kaper Tropical IPA,Can 33cl,0.0969760174464596,0.0969760174464596,0.0,0.0
2026-03-02,Hoop Kaper Tropical IPA,Can 33cl,0.1238241996954016,0.1238241996954016,0.0,0.0
2026-03-09,Hoop Kaper Tropical IPA,Can 33cl,0.0698847449783242,0.0698847449783242,0.0,0.0
2026-03-16,Hoop Kaper Tropical IPA,Can 33cl,0.042393271827882,0.042393271827882,0.0,0.0
2026-03-23,Hoop Kaper Tropical IPA,Can 33cl,0.0262591379015049,0.0262591379015049,0.0,0.0
2026-03-30,Hoop Kaper Tropical IPA,Can 33cl,0.0626023659182728,0.0626023659182728,0.0,0.0
2026-04-06,Hoop Kaper Tropical IPA,Can 33cl,0.8450165092149379,0.8450165092149379,0.0,0.0
2026-04-13,Hoop Kaper Tropical IPA,Can 33cl,0.3629121252545841,0.3629121252545841,0.0,0.0
2026-04-20,Hoop Kaper Tropical IPA,Can 33cl,0.2276047145264303,0.2276047145264303,0.0,0.0
2026-04-27,Hoop Kaper Tropical IPA,Can 33cl,0.2175785007190897,0.2175785007190897,0.0,0.0
2026-05-04,Hoop Kaper Tropical IPA,Can 33cl,0.5332865303296932,0.5332865303296932,0.0,0.0
2026-05-11,Hoop Kaper Tropical IPA,Can 33cl,0.4261944903270012,0.4261944903270012,0.0,0.0
2026-05-18,Hoop Kaper Tropical IPA,Can 33cl,0.2717356058235421,0.2717356058235421,0.0,0.0
2026-05-25,Hoop Kaper Tropical IPA,Can 33cl,0.901872035354202,0.901872035354202,0.0,0.0
2026-06-01,Hoop Kaper Tropical IPA,Can 33cl,0.5548234652291834,0.5548234652291834,0.0,0.0
2026-06-08,Hoop Kaper Tropical IPA,Can 33cl,0.4304723735556904,0.4304723735556904,0.0,0.0
2026-06-15,Hoop Kaper Tropical IPA,Can 33cl,0.3864650415135033,0.3864650415135033,0.0,0.0
2026-06-22,Hoop Kaper Tropical IPA,Can 33cl,0.3864650415135033,0.3864650415135033,0.0,0.0
2026-06-29,Hoop Kaper Tropical IPA,Can 33cl,0.502587222666566,0.502587222666566,0.0,0.0
2026-07-06,Hoop Kaper Tropical IPA,Can 33cl,1.2770053742056398,1.2770053742056398,0.0,0.0
2026-07-13,Hoop Kaper Tropical IPA,Can 33cl,1.6234363067248707,1.6234363067248707,0.0,0.0
2026-07-20,Hoop Kaper Tropical IPA,Can 33cl,2.43374998509223,2.43374998509223,0.0,0.0
2026-07-27,Hoop Kaper Tropical IPA,Can 33cl,3.3028274418287165,3.3028274418287165,0.0,0.0
2026-08-03,Hoop Kaper Tropical IPA,Can 33cl,0.1540083265664838,0.1540083265664838,0.0,0.0
2026-08-10,Hoop Kaper Tropical IPA,Can 33cl,0.1540083265664838,0.1540083265664838,0.0,0.0
2026-08-17,Hoop Kaper Tropical IPA,Can 33cl,0.0914188798527817,0.0914188798527817,0.0,0.0
2026-08-24,Hoop Kaper Tropical IPA,Can 33cl,0.0428863027194306,0.0428863027194306,0.0,0.0
2026-08-31,Hoop Kaper Tropical IPA,Can 33cl,0.0731315925936328,0.0731315925936328,0.0,0.0
2026-09-07,Hoop Kaper Tropical IPA,Can 33cl,0.143767971743164,0.143767971743164,0.0,0.0
2026-09-14,Hoop Kaper Tropical IPA,Can 33cl,0.0932842522661637,0.0932842522661637,0.0,0.0
2026-09-21,Hoop Kaper Tropical IPA,Can 33cl,0.0716604031076457,0.0716604031076457,0.0,0.0
2026-09-28,Hoop Kaper Tropical IPA,Can 33cl,0.0313132134189952,0.0313132134189952,0.0,0.0
2026-10-05,Hoop Kaper Tropical IPA,Can 33cl,0.0120971473247422,0.0120971473247422,0.0,0.0
2026-10-12,Hoop Kaper Tropical IPA,Can 33cl,0.0323514566008616,0.0323514566008616,0.0,0.0
2026-10-19,Hoop Kaper Tropical IPA,Can 33cl,0.0159617980611096,0.0159617980611096,0.0,0.0
2026-10-26,Hoop Kaper Tropical IPA,Can 33cl,0.0054003283834245,0.0054003283834245,0.0,0.0
2026-11-02,Hoop Kaper Tropical IPA,Can 33cl,0.0063700722664028,0.0063700722664028,0.0,0.0
2026-11-09,Hoop Kaper Tropical IPA,Can 33cl,0.0020489113772723,0.0020489113772723,0.0,0.0
2026-11-16,Hoop Kaper Tropical IPA,Can 33cl,0.0001205324973963,0.0001205324973963,0.0,0.0
2026-11-23,Hoop Kaper Tropical IPA,Can 33cl,9.010760654968795e-05,9.010760654968795e-05,0.0,0.0
2026-11-30,Hoop Kaper Tropical IPA,Can 33cl,5.5924572862515e-05,5.5924572862515e-05,0.0,0.0
2026-12-07,Hoop Kaper Tropical IPA,Can 33cl,0.0004023568966832,0.0004023568966832,0.0,0.0
2026-12-14,Hoop Kaper Tropical IPA,Can 33cl,0.0001804779564655,0.0001804779564655,0.0,0.0
2026-12-21,Hoop Kaper Tropical IPA,Can 33cl,0.000167076947302,0.000167076947302,0.0,0.0
2026-12-28,Hoop Kaper Tropical IPA,Can 33cl,0.0002891658493293,0.0002891658493293,0.0,0.0
2027-01-04,Hoop Kaper Tropical IPA,Can 33cl,0.0012589558227353,0.0012589558227353,0.0,0.0
2027-01-11,Hoop Kaper Tropical IPA,Can 33cl,0.0023256391254729,0.0023256391254729,0.0,0.0
2027-01-18,Hoop Kaper Tropical IPA,Can 33cl,0.0060226044449312,0.0060226044449312,0.0,0.0
2027-01-25,Hoop Kaper Tropical IPA,Can 33cl,0.0048760456997527,0.0048760456997527,0.0,0.0
2027-02-01,Hoop Kaper Tropical IPA,Can 33cl,0.0027791086436801,0.0027791086436801,0.0,0.0
2027-02-08,Hoop Kaper Tropical IPA,Can 33cl,0.3894984736918576,0.3894984736918576,0.0,0.0
2026-02-16,Hoop Kaper Tropical IPA,Keg 20L,22.598303569885307,22.598303569885307,0.0,0.0
2026-02-23,Hoop Kaper Tropical IPA,Keg 20L,65.41090415444296,65.41090415444296,0.0,0.0
2026-03-02,Hoop Kaper Tropical IPA,Keg 20L,45.70925859498346,45.70925859498346,0.0,0.0
2026-03-09,Hoop Kaper Tropical IPA,Keg 20L,78.1781677327179,78.1781677327179,0.0,0.0
2026-03-16,Hoop Kaper Tropical IPA,Keg 20L,56.51548636134903,56.51548636134903,0.0,0.0
2026-03-23,Hoop Kaper Tropical IPA,Keg 20L,59.3234785093583,59.3234785093583,0.0,0.0
2026-03-30,Hoop Kaper Tropical IPA,Keg 20L,62.40488486170342,62.40488486170342,0.0,0.0
2026-04-06,Hoop Kaper Tropical IPA,Keg 20L,61.62314448912635,61.62314448912635,0.0,0.0
2026-04-13,Hoop Kaper Tropical IPA,Keg 20L,101.63093594783474,101.63093594783474,0.0,0.0
2026-04-20,Hoop Kaper Tropical IPA,Keg 20L,123.47193286272795,123.47193286272795,0.0,0.0
2026-04-27,Hoop Kaper Tropical IPA,Keg 20L,78.66829614315651,78.66829614315651,0.0,0.0
2026-05-04,Hoop Kaper Tropical IPA,Keg 20L,171.9960558985107,171.9960558985107,0.0,0.0
2026-05-11,Hoop Kaper Tropical IPA,Keg 20L,89.61521951084538,89.61521951084538,0.0,0.0
2026-05-18,Hoop Kaper Tropical IPA,Keg 20L,245.78695218282277,245.78695218282277,0.0,0.0
2026-05-25,Hoop Kaper Tropical IPA,Keg 20L,98.34089086369792,98.34089086369792,0.0,0.0
2026-06-01,Hoop Kaper Tropical IPA,Keg 20L,228.9434242445888,228.9434242445888,0.0,0.0
2026-06-08,Hoop Kaper Tropical IPA,Keg 20L,114.12032652161555,114.12032652161555,0.0,0.0
2026-06-15,Hoop Kaper Tropical IPA,Keg 20L,161.95620096970103,161.95620096970103,0.0,0.0
2026-06-22,Hoop Kaper Tropical IPA,Keg 20L,81.42665235017202,81.42665235017202,0.0,0.0
2026-06-29,Hoop Kaper Tropical IPA,Keg 20L,135.1821307907762,135.1821307907762,0.0,0.0
2026-07-06,Hoop Kaper Tropical IPA,Keg 20L,78.86086890678567,78.86086890678567,0.0,0.0
2026-07-13,Hoop Kaper Tropical IPA,Keg 20L,177.4823807658054,177.4823807658054,0.0,0.0
2026-07-20,Hoop Kaper Tropical IPA,Keg 20L,78.32318543194773,78.32318543194773,0.0,0.0
2026-07-27,Hoop Kaper Tropical IPA,Keg 20L,219.7333584564887,219.7333584564887,0.0,0.0
2026-08-03,Hoop Kaper Tropical IPA,Keg 20L,86.26694727316772,86.26694727316772,0.0,0.0
2026-08-10,Hoop Kaper Tropical IPA,Keg 20L,201.87486958410744,201.87486958410744,0.0,0.0
2026-08-17,Hoop Kaper Tropical IPA,Keg 20L,86.53648599084238,86.53648599084238,0.0,0.0
2026-08-24,Hoop Kaper Tropical IPA,Keg 20L,203.1990518851609,203.1990518851609,0.0,0.0
2026-08-31,Hoop Kaper Tropical IPA,Keg 20L,71.6057439968107,71.6057439968107,0.0,0.0
2026-09-07,Hoop Kaper Tropical IPA,Keg 20L,118.07374739148548,118.07374739148548,0.0,0.0
2026-09-14,Hoop Kaper Tropical IPA,Keg 20L,73.36654020400844,73.36654020400844,0.0,0.0
2026-09-21,Hoop Kaper Tropical IPA,Keg 20L,158.34627079384876,158.34627079384876,0.0,0.0
2026-09-28,Hoop Kaper Tropical IPA,Keg 20L,43.71579489261449,43.71579489261449,0.0,0.0
2026-10-05,Hoop Kaper Tropical IPA,Keg 20L,124.59257240719728,124.59257240719728,0.0,0.0
2026-10-12,Hoop Kaper Tropical IPA,Keg 20L,68.20074280316396,68.20074280316396,0.0,0.0
2026-10-19,Hoop Kaper Tropical IPA,Keg 20L,96.38227727273872,96.38227727273872,0.0,0.0
2026-10-26,Hoop Kaper Tropical IPA,Keg 20L,52.59101982153084,52.59101982153084,0.0,0.0
2026-11-02,Hoop Kaper Tropical IPA,Keg 20L,95.32663058406452,95.32663058406452,0.0,0.0
2026-11-09,Hoop Kaper Tropical IPA,Keg 20L,49.75260693006182,49.75260693006182,0.0,0.0
2026-11-16,Hoop Kaper Tropical IPA,Keg 20L,80.81910351167605,80.81910351167605,0.0,0.0
2026-11-23,Hoop Kaper Tropical IPA,Keg 20L,47.75730746074559,47.75730746074559,0.0,0.0
2026-11-30,Hoop Kaper Tropical IPA,Keg 20L,54.2524325944162,54.2524325944162,0.0,0.0
2026-12-07,Hoop Kaper Tropical IPA,Keg 20L,38.34077352692592,38.34077352692592,0.0,0.0
2026-12-14,Hoop Kaper Tropical IPA,Keg 20L,59.744628773400606,59.744628773400606,0.0,0.0
2026-12-21,Hoop Kaper Tropical IPA,Keg 20L,22.007708603916253,22.007708603916253,0.0,0.0
2026-12-28,Hoop Kaper Tropical IPA,Keg 20L,40.408708641669314,40.408708641669314,0.0,0.0
2027-01-04,Hoop Kaper Tropical IPA,Keg 20L,34.769686493278535,34.769686493278535,0.0,0.0
2027-01-11,Hoop Kaper Tropical IPA,Keg 20L,41.054054621644106,41.054054621644106,0.0,0.0
2027-01-18,Hoop Kaper Tropical IPA,Keg 20L,19.730119117216404,19.730119117216404,0.0,0.0
2027-01-25,Hoop Kaper Tropical IPA,Keg 20L,50.33614780713701,50.33614780713701,0.0,0.0
2027-02-01,Hoop Kaper Tropical IPA,Keg 20L,25.716053357235666,25.716053357235666,0.0,0.0
2027-02-08,Hoop Kaper Tropical IPA,Keg 20L,46.73409187781337,46.73409187781337,0.0,0.0
2026-02-16,Hoop Kaper Tropical IPA,Other,1.5784998710617573,1.5784998710617573,0.0,0.0
2026-02-23,Hoop Kaper Tropical IPA,Other,2.692518781767816,2.692518781767816,0.0,0.0
2026-03-02,Hoop Kaper Tropical IPA,Other,3.2589543698674963,3.2589543698674963,0.0,0.0
2026-03-09,Hoop Kaper Tropical IPA,Other,1.8182099533033456,1.8182099533033456,0.0,0.0
2026-03-16,Hoop Kaper Tropical IPA,Other,4.603763569240705,4.603763569240705,0.0,0.0
2026-03-23,Hoop Kaper Tropical IPA,Other,1.2304627665890442,1.2304627665890442,0.0,0.0
2026-03-30,Hoop Kaper Tropical IPA,Other,3.3950455394981547,3.3950455394981547,0.0,0.0
2026-04-06,Hoop Kaper Tropical IPA,Other,4.027890188928195,4.027890188928195,0.0,0.0
2026-04-13,Hoop Kaper Tropical IPA,Other,5.987394800783501,5.987394800783501,0.0,0.0
2026-04-20,Hoop Kaper Tropical IPA,Other,9.655468947163545,9.655468947163545,0.0,0.0
2026-04-27,Hoop Kaper Tropical IPA,Other,3.691504993448974,3.691504993448974,0.0,0.0
2026-05-04,Hoop Kaper Tropical IPA,Other,3.066354492358345,3.066354492358345,0.0,0.0
2026-05-11,Hoop Kaper Tropical IPA,Other,4.776822377631389,4.776822377631389,0.0,0.0
2026-05-18,Hoop Kaper Tropical IPA,Other,9.166814320308324,9.166814320308324,0.0,0.0
2026-05-25,Hoop Kaper Tropical IPA,Other,5.196201990466808,5.196201990466808,0.0,0.0
2026-06-01,Hoop Kaper Tropical IPA,Other,10.62277633014519,10.62277633014519,0.0,0.0
2026-06-08,Hoop Kaper Tropical IPA,Other,2.377567141544802,2.377567141544802,0.0,0.0
2026-06-15,Hoop Kaper Tropical IPA,Other,6.314172054526301,6.314172054526301,0.0,0.0
2026-06-22,Hoop Kaper Tropical IPA,Other,5.772544444046779,5.772544444046779,0.0,0.0
2026-06-29,Hoop Kaper Tropical IPA,Other,5.70824649612874,5.70824649612874,0.0,0.0
2026-07-06,Hoop Kaper Tropical IPA,Other,10.461077362864827,10.461077362864827,0.0,0.0
2026-07-13,Hoop Kaper Tropical IPA,Other,3.491399342343391,3.491399342343391,0.0,0.0
2026-07-20,Hoop Kaper Tropical IPA,Other,2.6169980372797963,2.6169980372797963,0.0,0.0
2026-07-27,Hoop Kaper Tropical IPA,Other,10.571985672855112,10.571985672855112,0.0,0.0
2026-08-03,Hoop Kaper Tropical IPA,Other,7.611461469703555,7.611461469703555,0.0,0.0
2026-08-10,Hoop Kaper Tropical IPA,Other,1.145389039455602,1.145389039455602,0.0,0.0
2026-08-17,Hoop Kaper Tropical IPA,Other,1.2676339184296288,1.2676339184296288,0.0,0.0
2026-08-24,Hoop Kaper Tropical IPA,Other,3.1387999110388014,3.1387999110388014,0.0,0.0
2026-08-31,Hoop Kaper Tropical IPA,Other,10.05171207322399,10.05171207322399,0.0,0.0
2026-09-07,Hoop Kaper Tropical IPA,Other,5.63081188279299,5.63081188279299,0.0,0.0
2026-09-14,Hoop Kaper Tropical IPA,Other,3.0513107791006706,3.0513107791006706,0.0,0.0
2026-09-21,Hoop Kaper Tropical IPA,Other,2.8122104893242508,2.8122104893242508,0.0,0.0
2026-09-28,Hoop Kaper Tropical IPA,Other,4.889723754557767,4.889723754557767,0.0,0.0
2026-10-05,Hoop Kaper Tropical IPA,Other,5.147937502231583,5.147937502231583,0.0,0.0
2026-10-12,Hoop Kaper Tropical IPA,Other,6.823190878450793,6.823190878450793,0.0,0.0
2026-10-19,Hoop Kaper Tropical IPA,Other,2.522984027838997,2.522984027838997,0.0,0.0
2026-10-26,Hoop Kaper Tropical IPA,Other,2.893601640686633,2.893601640686633,0.0,0.0
2026-11-02,Hoop Kaper Tropical IPA,Other,6.722351652665636,6.722351652665636,0.0,0.0
2026-11-09,Hoop Kaper Tropical IPA,Other,13.826604137695856,13.826604137695856,0.0,0.0
2026-11-16,Hoop Kaper Tropical IPA,Other,2.6172970345895146,2.6172970345895146,0.0,0.0
2026-11-23,Hoop Kaper Tropical IPA,Other,11.376879472543113,11.376879472543113,0.0,0.0
2026-11-30,Hoop Kaper Tropical IPA,Other,4.631858089304133,4.631858089304133,0.0,0.0
2026-12-07,Hoop Kaper Tropical IPA,Other,2.4170267975537154,2.4170267975537154,0.0,0.0
2026-12-14,Hoop Kaper Tropical IPA,Other,16.246900526874217,16.246900526874217,0.0,0.0
2026-12-21,Hoop Kaper Tropical IPA,Other,5.924915925720143,5.924915925720143,0.0,0.0
2026-12-28,Hoop Kaper Tropical IPA,Other,6.64001027312016,6.64001027312016,0.0,0.0
2027-01-04,Hoop Kaper Tropical IPA,Other,1.2857005792908671,1.2857005792908671,0.0,0.0
2027-01-11,Hoop Kaper Tropical IPA,Other,3.978856153453037,3.978856153453037,0.0,0.0
2027-01-18,Hoop Kaper Tropical IPA,Other,7.351865916873965,7.351865916873965,0.0,0.0
2027-01-25,Hoop Kaper Tropical IPA,Other,4.172088427079701,4.172088427079701,0.0,0.0
2027-02-01,Hoop Kaper Tropical IPA,Other,1.6729720179653025,1.6729720179653025,0.0,0.0
2027-02-08,Hoop Kaper Tropical IPA,Other,2.651215713514842,2.651215713514842,0.0,0.0
2026-02-16,Hoop Lager,Bottle 33cl,0.0036467262613143,0.0036467262613143,0.0,0.0
2026-02-23,Hoop Lager,Bottle 33cl,0.1046761533807752,0.1046761533807752,0.0,0.0
2026-03-02,Hoop Lager,Bottle 33cl,0.0359633968394929,0.0359633968394929,0.0,0.0
2026-03-09,Hoop Lager,Bottle 33cl,0.0137967255187418,0.0137967255187418,0.0,0.0
2026-03-16,Hoop Lager,Bottle 33cl,0.0077092326325419,0.0077092326325419,0.0,0.0
2026-03-23,Hoop Lager,Bottle 33cl,0.0021652675906895,0.0021652675906895,0.0,0.0
2026-03-30,Hoop Lager,Bottle 33cl,0.0009896951500131,0.0009896951500131,0.0,0.0
2026-04-06,Hoop Lager,Bottle 33cl,0.0108938173490243,0.0108938173490243,0.0,0.0
2026-04-13,Hoop Lager,Bottle 33cl,0.002684803451626,0.002684803451626,0.0,0.0
2026-04-20,Hoop Lager,Bottle 33cl,0.0026022574076436,0.0026022574076436,0.0,0.0
2026-04-27,Hoop Lager,Bottle 33cl,0.000946559203371,0.000946559203371,0.0,0.0
2026-05-04,Hoop Lager,Bottle 33cl,0.0033388872496734,0.0033388872496734,0.0,0.0
2026-05-11,Hoop Lager,Bottle 33cl,0.0013101551187188,0.0013101551187188,0.0,0.0
2026-05-18,Hoop Lager,Bottle 33cl,0.0006214250816779,0.0006214250816779,0.0,0.0
2026-05-25,Hoop Lager,Bottle 33cl,0.000506838140887,0.000506838140887,0.0,0.0
2026-06-01,Hoop Lager,Bottle 33cl,0.0002213167522239,0.0002213167522239,0.0,0.0
2026-06-08,Hoop Lager,Bottle 33cl,0.0006967724797234,0.0006967724797234,0.0,0.0
2026-06-15,Hoop Lager,Bottle 33cl,0.0011810135965699,0.0011810135965699,0.0,0.0
2026-06-22,Hoop Lager,Bottle 33cl,0.000914563913478,0.000914563913478,0.0,0.0
2026-06-29,Hoop Lager,Bottle 33cl,0.0014171535972745,0.0014171535972745,0.0,0.0
2026-07-06,Hoop Lager,Bottle 33cl,0.0017285116734837,0.0017285116734837,0.0,0.0
2026-07-13,Hoop Lager,Bottle 33cl,0.0009700737532714,0.0009700737532714,0.0,0.0
2026-07-20,Hoop Lager,Bottle 33cl,0.0013863519236016,0.0013863519236016,0.0,0.0
2026-07-27,Hoop Lager,Bottle 33cl,0.0015714934810034,0.0015714934810034,0.0,0.0
2026-08-03,Hoop Lager,Bottle 33cl,0.0081835886936361,0.0081835886936361,0.0,0.0
2026-08-10,Hoop Lager,Bottle 33cl,0.009548277402455,0.009548277402455,0.0,0.0
2026-08-17,Hoop Lager,Bottle 33cl,0.0050260620582096,0.0050260620582096,0.0,0.0
2026-08-24,Hoop Lager,Bottle 33cl,0.015953948509807,0.015953948509807,0.0,0.0
2026-08-31,Hoop Lager,Bottle 33cl,0.0033052171968272,0.0033052171968272,0.0,0.0
2026-09-07,Hoop Lager,Bottle 33cl,0.0010315332719169,0.0010315332719169,0.0,0.0
2026-09-14,Hoop Lager,Bottle 33cl,0.0010915465894002,0.0010915465894002,0.0,0.0
2026-09-21,Hoop Lager,Bottle 33cl,0.0010660332955317,0.0010660332955317,0.0,0.0
2026-09-28,Hoop Lager,Bottle 33cl,0.0011363448030434,0.0011363448030434,0.0,0.0
2026-10-05,Hoop Lager,Bottle 33cl,0.0013948359193139,0.0013948359193139,0.0,0.0
2026-10-12,Hoop Lager,Bottle 33cl,0.0014808096662837,0.0014808096662837,0.0,0.0
2026-10-19,Hoop Lager,Bottle 33cl,0.004100475837064,0.004100475837064,0.0,0.0
2026-10-26,Hoop Lager,Bottle 33cl,0.0026453494845904,0.0026453494845904,0.0,0.0
2026-11-02,Hoop Lager,Bottle 33cl,0.0491463492851311,0.0491463492851311,0.0,0.0
2026-11-09,Hoop Lager,Bottle 33cl,0.0196942608065714,0.0196942608065714,0.0,0.0
2026-11-16,Hoop Lager,Bottle 33cl,0.0813475343925928,0.0813475343925928,0.0,0.0
2026-11-23,Hoop Lager,Bottle 33cl,0.0147855418241773,0.0147855418241773,0.0,0.0
2026-11-30,Hoop Lager,Bottle 33cl,0.0171180854267503,0.0171180854267503,0.0,0.0
2026-12-07,Hoop Lager,Bottle 33cl,0.1805211289257984,0.1805211289257984,0.0,0.0
2026-12-14,Hoop Lager,Bottle 33cl,0.0076703059643675,0.0076703059643675,0.0,0.0
2026-12-21,Hoop Lager,Bottle 33cl,0.0055105454951471,0.0055105454951471,0.0,0.0
2026-12-28,Hoop Lager,Bottle 33cl,0.0011598981966624,0.0011598981966624,0.0,0.0
2027-01-04,Hoop Lager,Bottle 33cl,0.0200380914210074,0.0200380914210074,0.0,0.0
2027-01-11,Hoop Lager,Bottle 33cl,0.0116895487189782,0.0116895487189782,0.0,0.0
2027-01-18,Hoop Lager,Bottle 33cl,0.0883946310210311,0.0883946310210311,0.0,0.0
2027-01-25,Hoop Lager,Bottle 33cl,0.2042692857461251,0.2042692857461251,0.0,0.0
2027-02-01,Hoop Lager,Bottle 33cl,0.0090020211997412,0.0090020211997412,0.0,0.0
2027-02-08,Hoop Lager,Bottle 33cl,0.0607121718300458,0.0607121718300458,0.0,0.0
2026-02-16,Hoop Lager,Can 33cl,0.0005097229578192,0.0005097229578192,0.0,0.0
2026-02-23,Hoop Lager,Can 33cl,0.0005097229578192,0.0005097229578192,0.0,0.0
2026-03-02,Hoop Lager,Can 33cl,0.0003508924902479,0.0003508924902479,0.0,0.0
2026-03-09,Hoop Lager,Can 33cl,0.0002660241565482,0.0002660241565482,0.0,0.0
2026-03-16,Hoop Lager,Can 33cl,7.769438245498506e-05,7.769438245498506e-05,0.0,0.0
2026-03-23,Hoop Lager,Can 33cl,4.9605426669123606e-05,4.9605426669123606e-05,0.0,0.0
2026-03-30,Hoop Lager,Can 33cl,1.4487642932434471e-05,1.4487642932434471e-05,0.0,0.0
2026-04-06,Hoop Lager,Can 33cl,7.769438245498506e-05,7.769438245498506e-05,0.0,0.0
2026-04-13,Hoop Lager,Can 33cl,1.4487642932434471e-05,1.4487642932434471e-05,0.0,0.0
2026-04-20,Hoop Lager,Can 33cl,7.769438245498506e-05,7.769438245498506e-05,0.0,0.0
2026-04-27,Hoop Lager,Can 33cl,7.769438245498506e-05,7.769438245498506e-05,0.0,0.0
2026-05-04,Hoop Lager,Can 33cl,7.769438245498506e-05,7.769438245498506e-05,0.0,0.0
2026-05-11,Hoop Lager,Can 33cl,7.555400812097227e-06,7.555400812097227e-06,0.0,0.0
2026-05-18,Hoop Lager,Can 33cl,7.555400812097227e-06,7.555400812097227e-06,0.0,0.0
2026-05-25,Hoop Lager,Can 33cl,7.239773002777377e-06,7.239773002777377e-06,0.0,0.0
2026-06-01,Hoop Lager,Can 33cl,7.239773002777377e-06,7.239773002777377e-06,0.0,0.0
2026-06-08,Hoop Lager,Can 33cl,7.239773002777377e-06,7.239773002777377e-06,0.0,0.0
2026-06-15,Hoop Lager,Can 33cl,7.239773002777377e-06,7.239773002777377e-06,0.0,0.0
2026-06-22,Hoop Lager,Can 33cl,7.239773002777377e-06,7.239773002777377e-06,0.0,0.0
2026-06-29,Hoop Lager,Can 33cl,7.239773002777377e-06,7.239773002777377e-06,0.0,0.0
2026-07-06,Hoop Lager,Can 33cl,7.239773002777377e-06,7.239773002777377e-06,0.0,0.0
2026-07-13,Hoop Lager,Can 33cl,7.239773002777377e-06,7.239773002777377e-06,0.0,0.0
2026-07-20,Hoop Lager,Can 33cl,7.239773002777377e-06,7.239773002777377e-06,0.0,0.0
2026-07-27,Hoop Lager,Can 33cl,7.239773002777377e-06,7.239773002777377e-06,0.0,0.0
2026-08-03,Hoop Lager,Can 33cl,7.239773002777377e-06,7.239773002777377e-06,0.0,0.0
2026-08-10,Hoop Lager,Can 33cl,7.239773002777377e-06,7.239773002777377e-06,0.0,0.0
2026-08-17,Hoop Lager,Can 33cl,7.239773002777377e-06,7.239773002777377e-06,0.0,0.0
2026-08-24,Hoop Lager,Can 33cl,7.239773002777377e-06,7.239773002777377e-06,0.0,0.0
2026-08-31,Hoop Lager,Can 33cl,7.239773002777377e-06,7.239773002777377e-06,0.0,0.0
2026-09-07,Hoop Lager,Can 33cl,7.239773002777377e-06,7.239773002777377e-06,0.0,0.0
2026-09-14,Hoop Lager,Can 33cl,7.239773002777377e-06,7.239773002777377e-06,0.0,0.0
2026-09-21,Hoop Lager,Can 33cl,7.239773002777377e-06,7.239773002777377e-06,0.0,0.0
2026-09-28,Hoop Lager,Can 33cl,7.239773002777377e-06,7.239773002777377e-06,0.0,0.0
2026-10-05,Hoop Lager,Can 33cl,7.239773002777377e-06,7.239773002777377e-06,0.0,0.0
2026-10-12,Hoop Lager,Can 33cl,7.239773002777377e-06,7.239773002777377e-06,0.0,0.0
2026-10-19,Hoop Lager,Can 33cl,7.239773002777377e-06,7.239773002777377e-06,0.0,0.0
2026-10-26,Hoop Lager,Can 33cl,7.239773002777377e-06,7.239773002777377e-06,0.0,0.0
2026-11-02,Hoop Lager,Can 33cl,7.239773002777377e-06,7.239773002777377e-06,0.0,0.0
2026-11-09,Hoop Lager,Can 33cl,0.0002456536697431,0.0002456536697431,0.0,0.0
2026-11-16,Hoop Lager,Can 33cl,0.0003240233106389,0.0003240233106389,0.0,0.0
2026-11-23,Hoop Lager,Can 33cl,0.0003240233106389,0.0003240233106389,0.0,0.0
2026-11-30,Hoop Lager,Can 33cl,0.0003240233106389,0.0003240233106389,0.0,0.0
2026-12-07,Hoop Lager,Can 33cl,0.0003240233106389,0.0003240233106389,0.0,0.0
2026-12-14,Hoop Lager,Can 33cl,0.0003240233106389,0.0003240233106389,0.0,0.0
2026-12-21,Hoop Lager,Can 33cl,0.0002456536697431,0.0002456536697431,0.0,0.0
2026-12-28,Hoop Lager,Can 33cl,0.0002456536697431,0.0002456536697431,0.0,0.0
2027-01-04,Hoop Lager,Can 33cl,0.000470691522023,0.000470691522023,0.0,0.0
2027-01-11,Hoop Lager,Can 33cl,0.0002785641594965,0.0002785641594965,0.0,0.0
2027-01-18,Hoop Lager,Can 33cl,0.0002785641594965,0.0002785641594965,0.0,0.0
2027-01-25,Hoop Lager,Can 33cl,0.000470691522023,0.000470691522023,0.0,0.0
2027-02-01,Hoop Lager,Can 33cl,0.0004912119629132,0.0004912119629132,0.0,0.0
2027-02-08,Hoop Lager,Can 33cl,0.0004912119629132,0.0004912119629132,0.0,0.0
2026-02-16,Hoop Lager,Keg 20L,359.2718936449907,359.2718936449907,0.0,0.0
2026-02-23,Hoop Lager,Keg 20L,267.6507753312601,267.6507753312601,0.0,0.0
2026-03-02,Hoop Lager,Keg 20L,284.575220205815,284.575220205815,0.0,0.0
2026-03-09,Hoop Lager,Keg 20L,381.6107005215984,381.6107005215984,0.0,0.0
2026-03-16,Hoop Lager,Keg 20L,323.81063189035507,323.81063189035507,0.0,0.0
2026-03-23,Hoop Lager,Keg 20L,358.5943301303023,358.5943301303023,0.0,0.0
2026-03-30,Hoop Lager,Keg 20L,314.983267506908,314.983267506908,0.0,0.0
2026-04-06,Hoop Lager,Keg 20L,478.8887197454692,478.8887197454692,0.0,0.0
2026-04-13,Hoop Lager,Keg 20L,450.24233122439495,450.24233122439495,0.0,0.0
2026-04-20,Hoop Lager,Keg 20L,545.0093874886828,545.0093874886828,0.0,0.0
2026-04-27,Hoop Lager,Keg 20L,509.0596951492922,509.0596951492922,0.0,0.0
2026-05-04,Hoop Lager,Keg 20L,208.0476968872442,208.0476968872442,0.0,0.0
2026-05-11,Hoop Lager,Keg 20L,261.70176005789176,261.70176005789176,0.0,0.0
2026-05-18,Hoop Lager,Keg 20L,278.5121473705486,278.5121473705486,0.0,0.0
2026-05-25,Hoop Lager,Keg 20L,430.4784279393621,430.4784279393621,0.0,0.0
2026-06-01,Hoop Lager,Keg 20L,319.5841418242721,319.5841418242721,0.0,0.0
2026-06-08,Hoop Lager,Keg 20L,381.3845203533914,381.3845203533914,0.0,0.0
2026-06-15,Hoop Lager,Keg 20L,431.58009848197327,431.58009848197327,0.0,0.0
2026-06-22,Hoop Lager,Keg 20L,687.9100064782898,687.9100064782898,0.0,0.0
2026-06-29,Hoop Lager,Keg 20L,173.83389641605646,173.83389641605646,0.0,0.0
2026-07-06,Hoop Lager,Keg 20L,194.2477270795595,194.2477270795595,0.0,0.0
2026-07-13,Hoop Lager,Keg 20L,330.3779199023013,330.3779199023013,0.0,0.0
2026-07-20,Hoop Lager,Keg 20L,336.75067396665605,336.75067396665605,0.0,0.0
2026-07-27,Hoop Lager,Keg 20L,466.85429972053066,466.85429972053066,0.0,0.0
2026-08-03,Hoop Lager,Keg 20L,530.6567571848498,530.6567571848498,0.0,0.0
2026-08-10,Hoop Lager,Keg 20L,312.3403615350341,312.3403615350341,0.0,0.0
2026-08-17,Hoop Lager,Keg 20L,132.72865628099302,132.72865628099302,0.0,0.0
2026-08-24,Hoop Lager,Keg 20L,494.3826864409274,494.3826864409274,0.0,0.0
2026-08-31,Hoop Lager,Keg 20L,422.9055828636848,422.9055828636848,0.0,0.0
2026-09-07,Hoop Lager,Keg 20L,362.3853036332628,362.3853036332628,0.0,0.0
2026-09-14,Hoop Lager,Keg 20L,396.8893381858938,396.8893381858938,0.0,0.0
2026-09-21,Hoop Lager,Keg 20L,354.96762652227403,354.96762652227403,0.0,0.0
2026-09-28,Hoop Lager,Keg 20L,518.0527949233164,518.0527949233164,0.0,0.0
2026-10-05,Hoop Lager,Keg 20L,288.469673066036,288.469673066036,0.0,0.0
2026-10-12,Hoop Lager,Keg 20L,360.8971735096847,360.8971735096847,0.0,0.0
2026-10-19,Hoop Lager,Keg 20L,474.217480115784,474.217480115784,0.0,0.0
2026-10-26,Hoop Lager,Keg 20L,246.5858853668697,246.5858853668697,0.0,0.0
2026-11-02,Hoop Lager,Keg 20L,553.2071818768708,553.2071818768708,0.0,0.0
2026-11-09,Hoop Lager,Keg 20L,204.2847697953121,204.2847697953121,0.0,0.0
2026-11-16,Hoop Lager,Keg 20L,157.29892704526438,157.29892704526438,0.0,0.0
2026-11-23,Hoop Lager,Keg 20L,301.20911458095884,301.20911458095884,0.0,0.0
2026-11-30,Hoop Lager,Keg 20L,328.59562412808435,328.59562412808435,0.0,0.0
2026-12-07,Hoop Lager,Keg 20L,492.44147912681694,492.44147912681694,0.0,0.0
2026-12-14,Hoop Lager,Keg 20L,303.97028936113605,303.97028936113605,0.0,0.0
2026-12-21,Hoop Lager,Keg 20L,317.36603584020224,317.36603584020224,0.0,0.0
2026-12-28,Hoop Lager,Keg 20L,605.6178826564546,605.6178826564546,0.0,0.0
2027-01-04,Hoop Lager,Keg 20L,168.8592895981921,168.8592895981921,0.0,0.0
2027-01-11,Hoop Lager,Keg 20L,162.86577541706782,162.86577541706782,0.0,0.0
2027-01-18,Hoop Lager,Keg 20L,320.2416069742943,320.2416069742943,0.0,0.0
2027-01-25,Hoop Lager,Keg 20L,227.4378361943893,227.4378361943893,0.0,0.0
2027-02-01,Hoop Lager,Keg 20L,207.00425422975692,207.00425422975692,0.0,0.0
2027-02-08,Hoop Lager,Keg 20L,292.9921485625585,292.9921485625585,0.0,0.0
2026-02-16,Hoop Lager,Keg 50L,0.0021409170027615,0.0021409170027615,0.0,0.0
2026-02-23,Hoop Lager,Keg 50L,0.0030442902491766,0.0030442902491766,0.0,0.0
2026-03-02,Hoop Lager,Keg 50L,0.0058721415451148,0.0058721415451148,0.0,0.0
2026-03-09,Hoop Lager,Keg 50L,0.0065123740561028,0.0065123740561028,0.0,0.0
2026-03-16,Hoop Lager,Keg 50L,0.0146918974930641,0.0146918974930641,0.0,0.0
2026-03-23,Hoop Lager,Keg 50L,0.0062561310685992,0.0062561310685992,0.0,0.0
2026-03-30,Hoop Lager,Keg 50L,0.0062561310685992,0.0062561310685992,0.0,0.0
2026-04-06,Hoop Lager,Keg 50L,0.0138251495594078,0.0138251495594078,0.0,0.0
2026-04-13,Hoop Lager,Keg 50L,0.0073207929827205,0.0073207929827205,0.0,0.0
2026-04-20,Hoop Lager,Keg 50L,0.0271350382659153,0.0271350382659153,0.0,0.0
2026-04-27,Hoop Lager,Keg 50L,0.2593580974582031,0.2593580974582031,0.0,0.0
2026-05-04,Hoop Lager,Keg 50L,172.78482140740817,172.78482140740817,0.0,0.0
2026-05-11,Hoop Lager,Keg 50L,297.6025298249526,297.6025298249526,0.0,0.0
2026-05-18,Hoop Lager,Keg 50L,6.694582468945731,6.694582468945731,0.0,0.0
2026-05-25,Hoop Lager,Keg 50L,20.485599735459445,20.485599735459445,0.0,0.0
2026-06-01,Hoop Lager,Keg 50L,13.537007034398655,13.537007034398655,0.0,0.0
2026-06-08,Hoop Lager,Keg 50L,5.591145439394832,5.591145439394832,0.0,0.0
2026-06-15,Hoop Lager,Keg 50L,26.46381849058953,26.46381849058953,0.0,0.0
2026-06-22,Hoop Lager,Keg 50L,22.02566638262149,22.02566638262149,0.0,0.0
2026-06-29,Hoop Lager,Keg 50L,130.58419236392285,130.58419236392285,0.0,0.0
2026-07-06,Hoop Lager,Keg 50L,71.16274193834352,71.16274193834352,0.0,0.0
2026-07-13,Hoop Lager,Keg 50L,24.641087031779787,24.641087031779787,0.0,0.0
2026-07-20,Hoop Lager,Keg 50L,232.8662354341045,232.8662354341045,0.0,0.0
2026-07-27,Hoop Lager,Keg 50L,288.7989482022527,288.7989482022527,0.0,0.0
2026-08-03,Hoop Lager,Keg 50L,10.275653041925082,10.275653041925082,0.0,0.0
2026-08-10,Hoop Lager,Keg 50L,74.44528205237934,74.44528205237934,0.0,0.0
2026-08-17,Hoop Lager,Keg 50L,13.2848020501171,13.2848020501171,0.0,0.0
2026-08-24,Hoop Lager,Keg 50L,4.293806724794129,4.293806724794129,0.0,0.0
2026-08-31,Hoop Lager,Keg 50L,44.14246643266717,44.14246643266717,0.0,0.0
2026-09-07,Hoop Lager,Keg 50L,7.679479747773832,7.679479747773832,0.0,0.0
2026-09-14,Hoop Lager,Keg 50L,10.224762450433753,10.224762450433753,0.0,0.0
2026-09-21,Hoop Lager,Keg 50L,6.522313780464843,6.522313780464843,0.0,0.0
2026-09-28,Hoop Lager,Keg 50L,14.804524799090462,14.804524799090462,0.0,0.0
2026-10-05,Hoop Lager,Keg 50L,47.51684424187527,47.51684424187527,0.0,0.0
2026-10-12,Hoop Lager,Keg 50L,7.1537843781203545,7.1537843781203545,0.0,0.0
2026-10-19,Hoop Lager,Keg 50L,5.375486951022193,5.375486951022193,0.0,0.0
2026-10-26,Hoop Lager,Keg 50L,0.1422936258848329,0.1422936258848329,0.0,0.0
2026-11-02,Hoop Lager,Keg 50L,0.4535627372225639,0.4535627372225639,0.0,0.0
2026-11-09,Hoop Lager,Keg 50L,0.1028864527129444,0.1028864527129444,0.0,0.0
2026-11-16,Hoop Lager,Keg 50L,0.1348001731625585,0.1348001731625585,0.0,0.0
2026-11-23,Hoop Lager,Keg 50L,0.1421853299340456,0.1421853299340456,0.0,0.0
2026-11-30,Hoop Lager,Keg 50L,0.1096919067330414,0.1096919067330414,0.0,0.0
2026-12-07,Hoop Lager,Keg 50L,0.1710726463426916,0.1710726463426916,0.0,0.0
2026-12-14,Hoop Lager,Keg 50L,0.0495789147907841,0.0495789147907841,0.0,0.0
2026-12-21,Hoop Lager,Keg 50L,0.0889640323376637,0.0889640323376637,0.0,0.0
2026-12-28,Hoop Lager,Keg 50L,0.0419096715751296,0.0419096715751296,0.0,0.0
2027-01-04,Hoop Lager,Keg 50L,0.0633015211355595,0.0633015211355595,0.0,0.0
2027-01-11,Hoop Lager,Keg 50L,0.3049417025497961,0.3049417025497961,0.0,0.0
2027-01-18,Hoop Lager,Keg 50L,1.4173715459988334,1.4173715459988334,0.0,0.0
2027-01-25,Hoop Lager,Keg 50L,0.228985871363485,0.228985871363485,0.0,0.0
2027-02-01,Hoop Lager,Keg 50L,0.0324373962523252,0.0324373962523252,0.0,0.0
2027-02-08,Hoop Lager,Keg 50L,0.186046544009796,0.186046544009796,0.0,0.0
2026-02-16,Hoop Lager,Other,0.1555905967767171,0.1555905967767171,0.0,0.0
2026-02-23,Hoop Lager,Other,0.131784505631838,0.131784505631838,0.0,0.0
2026-03-02,Hoop Lager,Other,0.0791939244354796,0.0791939244354796,0.0,0.0
2026-03-09,Hoop Lager,Other,0.0531642164162414,0.0531642164162414,0.0,0.0
2026-03-16,Hoop Lager,Other,0.0750211381730135,0.0750211381730135,0.0,0.0
2026-03-23,Hoop Lager,Other,0.0654098534553759,0.0654098534553759,0.0,0.0
2026-03-30,Hoop Lager,Other,0.1326289279717817,0.1326289279717817,0.0,0.0
2026-04-06,Hoop Lager,Other,0.1028906142308535,0.1028906142308535,0.0,0.0
2026-04-13,Hoop Lager,Other,0.1436311459127041,0.1436311459127041,0.0,0.0
2026-04-20,Hoop Lager,Other,0.1748447427503262,0.1748447427503262,0.0,0.0
2026-04-27,Hoop Lager,Other,0.526042191773765,0.526042191773765,0.0,0.0
2026-05-04,Hoop Lager,Other,1.07666751340643,1.07666751340643,0.0,0.0
2026-05-11,Hoop Lager,Other,5.839550042428708,5.839550042428708,0.0,0.0
2026-05-18,Hoop Lager,Other,17.6594470255817,17.6594470255817,0.0,0.0
2026-05-25,Hoop Lager,Other,6.711054678854716,6.711054678854716,0.0,0.0
2026-06-01,Hoop Lager,Other,7.7182958161141775,7.7182958161141775,0.0,0.0
2026-06-08,Hoop Lager,Other,0.8213840809231914,0.8213840809231914,0.0,0.0
2026-06-15,Hoop Lager,Other,1.023786483398397,1.023786483398397,0.0,0.0
2026-06-22,Hoop Lager,Other,1.16849380814803,1.16849380814803,0.0,0.0
2026-06-29,Hoop Lager,Other,0.9040728452611032,0.9040728452611032,0.0,0.0
2026-07-06,Hoop Lager,Other,0.8518458500511661,0.8518458500511661,0.0,0.0
2026-07-13,Hoop Lager,Other,0.8059074432619278,0.8059074432619278,0.0,0.0
2026-07-20,Hoop Lager,Other,0.4157465199683096,0.4157465199683096,0.0,0.0
2026-07-27,Hoop Lager,Other,2.544160674329855,2.544160674329855,0.0,0.0
2026-08-03,Hoop Lager,Other,2.3020054945123087,2.3020054945123087,0.0,0.0
2026-08-10,Hoop Lager,Other,1.0940659058279458,1.0940659058279458,0.0,0.0
2026-08-17,Hoop Lager,Other,7.600606462127994,7.600606462127994,0.0,0.0
2026-08-24,Hoop Lager,Other,7.507674340066885,7.507674340066885,0.0,0.0
2026-08-31,Hoop Lager,Other,13.03021418691652,13.03021418691652,0.0,0.0
2026-09-07,Hoop Lager,Other,1.6887236233962766,1.6887236233962766,0.0,0.0
2026-09-14,Hoop Lager,Other,1.691608883916805,1.691608883916805,0.0,0.0
2026-09-21,Hoop Lager,Other,0.1879861883388215,0.1879861883388215,0.0,0.0
2026-09-28,Hoop Lager,Other,0.2504777097305324,0.2504777097305324,0.0,0.0
2026-10-05,Hoop Lager,Other,0.349140667864092,0.349140667864092,0.0,0.0
2026-10-12,Hoop Lager,Other,0.3455916714371332,0.3455916714371332,0.0,0.0
2026-10-19,Hoop Lager,Other,0.3112497359653401,0.3112497359653401,0.0,0.0
2026-10-26,Hoop Lager,Other,0.2495458824994994,0.2495458824994994,0.0,0.0
2026-11-02,Hoop Lager,Other,0.46313196773806,0.46313196773806,0.0,0.0
2026-11-09,Hoop Lager,Other,0.4605861291806581,0.4605861291806581,0.0,0.0
2026-11-16,Hoop Lager,Other,1.3669422257777148,1.3669422257777148,0.0,0.0
2026-11-23,Hoop Lager,Other,2.499088600951868,2.499088600951868,0.0,0.0
2026-11-30,Hoop Lager,Other,10.545467950359114,10.545467950359114,0.0,0.0
2026-12-07,Hoop Lager,Other,9.951823863144355,9.951823863144355,0.0,0.0
2026-12-14,Hoop Lager,Other,5.949633985829389,5.949633985829389,0.0,0.0
2026-12-21,Hoop Lager,Other,4.006321451188184,4.006321451188184,0.0,0.0
2026-12-28,Hoop Lager,Other,3.064994752871633,3.064994752871633,0.0,0.0
2027-01-04,Hoop Lager,Other,1.336618949681844,1.336618949681844,0.0,0.0
2027-01-11,Hoop Lager,Other,1.3189025787686153,1.3189025787686153,0.0,0.0
2027-01-18,Hoop Lager,Other,2.5901450053456934,2.5901450053456934,0.0,0.0
2027-01-25,Hoop Lager,Other,3.468637636151385,3.468637636151385,0.0,0.0
2027-02-01,Hoop Lager,Other,3.814416584595116,3.814416584595116,0.0,0.0
2027-02-08,Hoop Lager,Other,13.001008305056247,13.001008305056247,0.0,0.0
