week,beer,container,forecast_liters
2026-02-16,Hoop Bleke Nelis,Bottle 33cl,20.315681066237133
2026-02-23,Hoop Bleke Nelis,Bottle 33cl,60.53218593124151
2026-03-02,Hoop Bleke Nelis,Bottle 33cl,177.33197268473543
2026-03-09,Hoop Bleke Nelis,Bottle 33cl,50.29948703208601
2026-03-16,Hoop Bleke Nelis,Bottle 33cl,81.48463497378359
2026-03-23,Hoop Bleke Nelis,Bottle 33cl,102.19587112048538
2026-03-30,Hoop Bleke Nelis,Bottle 33cl,73.51449263930431
2026-04-06,Hoop Bleke Nelis,Bottle 33cl,61.35439117166437
2026-04-13,Hoop Bleke Nelis,Bottle 33cl,56.17580737722344
2026-04-20,Hoop Bleke Nelis,Bottle 33cl,197.0066478890537
2026-04-27,Hoop Bleke Nelis,Bottle 33cl,63.91184595567877
2026-05-04,Hoop Bleke Nelis,Bottle 33cl,84.17386486629809
2026-05-11,Hoop Bleke Nelis,Bottle 33cl,34.38782150369916
2026-05-18,Hoop Bleke Nelis,Bottle 33cl,43.37729543714015
2026-05-25,Hoop Bleke Nelis,Bottle 33cl,52.064444156185125
2026-06-01,Hoop Bleke Nelis,Bottle 33cl,58.19801680499553
2026-06-08,Hoop Bleke Nelis,Bottle 33cl,52.48250241365218
2026-06-15,Hoop Bleke Nelis,Bottle 33cl,59.400158756868926
2026-06-22,Hoop Bleke Nelis,Bottle 33cl,90.0253566775052
2026-06-29,Hoop Bleke Nelis,Bottle 33cl,41.38001311307007
2026-07-06,Hoop Bleke Nelis,Bottle 33cl,68.24603658188983
2026-07-13,Hoop Bleke Nelis,Bottle 33cl,61.44179257407715
2026-07-20,Hoop Bleke Nelis,Bottle 33cl,56.349066472620024
2026-07-27,Hoop Bleke Nelis,Bottle 33cl,36.7096546349312
2026-08-03,Hoop Bleke Nelis,Bottle 33cl,72.25353841339589
2026-08-10,Hoop Bleke Nelis,Bottle 33cl,70.93932591904544
2026-08-17,Hoop Bleke Nelis,Bottle 33cl,56.84454259792362
2026-08-24,Hoop Bleke Nelis,Bottle 33cl,36.2466899876356
2026-08-31,Hoop Bleke Nelis,Bottle 33cl,102.34240681821682
2026-09-07,Hoop Bleke Nelis,Bottle 33cl,48.790621084088336
2026-09-14,Hoop Bleke Nelis,Bottle 33cl,51.8338295870804
2026-09-21,Hoop Bleke Nelis,Bottle 33cl,31.724668589894936
2026-09-28,Hoop Bleke Nelis,Bottle 33cl,71.89684890843915
2026-10-05,Hoop Bleke Nelis,Bottle 33cl,46.66108554904652
2026-10-12,Hoop Bleke Nelis,Bottle 33cl,52.724144167627806
2026-10-19,Hoop Bleke Nelis,Bottle 33cl,40.790645215584405
2026-10-26,Hoop Bleke Nelis,Bottle 33cl,39.64308460271364
2026-11-02,Hoop Bleke Nelis,Bottle 33cl,95.24847772118548
2026-11-09,Hoop Bleke Nelis,Bottle 33cl,163.29387447142608
2026-11-16,Hoop Bleke Nelis,Bottle 33cl,39.47505808344594
2026-11-23,Hoop Bleke Nelis,Bottle 33cl,68.81213967219338
2026-11-30,Hoop Bleke Nelis,Bottle 33cl,167.47536306237618
2026-12-07,Hoop Bleke Nelis,Bottle 33cl,73.26590092026895
2026-12-14,Hoop Bleke Nelis,Bottle 33cl,27.302323913125928
2026-12-21,Hoop Bleke Nelis,Bottle 33cl,58.28541370072319
2026-12-28,Hoop Bleke Nelis,Bottle 33cl,105.6019197097176
2027-01-04,Hoop Bleke Nelis,Bottle 33cl,73.21900638726918
2027-01-11,Hoop Bleke Nelis,Bottle 33cl,8.955411842811806
2027-01-18,Hoop Bleke Nelis,Bottle 33cl,38.4168540674425
2027-01-25,Hoop Bleke Nelis,Bottle 33cl,101.6440214976286
2027-02-01,Hoop Bleke Nelis,Bottle 33cl,54.26807655631332
2027-02-08,Hoop Bleke Nelis,Bottle 33cl,23.071165635169482
2026-02-16,Hoop Bleke Nelis,Bottle 75cl,1.813986875537041
2026-02-23,Hoop Bleke Nelis,Bottle 75cl,1.1440115238501116
2026-03-02,Hoop Bleke Nelis,Bottle 75cl,0.6307502102050823
2026-03-09,Hoop Bleke Nelis,Bottle 75cl,0.2360256830035607
2026-03-16,Hoop Bleke Nelis,Bottle 75cl,0.613720610096612
2026-03-23,Hoop Bleke Nelis,Bottle 75cl,0.720033687855036
2026-03-30,Hoop Bleke Nelis,Bottle 75cl,4.407945906596732
2026-04-06,Hoop Bleke Nelis,Bottle 75cl,0.14587324639484373
2026-04-13,Hoop Bleke Nelis,Bottle 75cl,1.4215610532793082
2026-04-20,Hoop Bleke Nelis,Bottle 75cl,0.20066068279606372
2026-04-27,Hoop Bleke Nelis,Bottle 75cl,0.360075487333758
2026-05-04,Hoop Bleke Nelis,Bottle 75cl,0.37928876443896836
2026-05-11,Hoop Bleke Nelis,Bottle 75cl,0.6122000626075207
2026-05-18,Hoop Bleke Nelis,Bottle 75cl,7.139750199992328
2026-05-25,Hoop Bleke Nelis,Bottle 75cl,1.9389851573306602
2026-06-01,Hoop Bleke Nelis,Bottle 75cl,2.8023255456499814
2026-06-08,Hoop Bleke Nelis,Bottle 75cl,1.9903632492392684
2026-06-15,Hoop Bleke Nelis,Bottle 75cl,0.8716454403742964
2026-06-22,Hoop Bleke Nelis,Bottle 75cl,0.936654315558299
2026-06-29,Hoop Bleke Nelis,Bottle 75cl,6.540742355645665
2026-07-06,Hoop Bleke Nelis,Bottle 75cl,0.8228457343028426
2026-07-13,Hoop Bleke Nelis,Bottle 75cl,2.277991713605042
2026-07-20,Hoop Bleke Nelis,Bottle 75cl,1.8663416851652657
2026-07-27,Hoop Bleke Nelis,Bottle 75cl,1.8553856061380154
2026-08-03,Hoop Bleke Nelis,Bottle 75cl,0.5360083047129959
2026-08-10,Hoop Bleke Nelis,Bottle 75cl,1.1218498607281886
2026-08-17,Hoop Bleke Nelis,Bottle 75cl,0.8380003310128478
2026-08-24,Hoop Bleke Nelis,Bottle 75cl,0.2749784578931511
2026-08-31,Hoop Bleke Nelis,Bottle 75cl,0.46189543572728387
2026-09-07,Hoop Bleke Nelis,Bottle 75cl,0.8158673471256058
2026-09-14,Hoop Bleke Nelis,Bottle 75cl,1.589418819928003
2026-09-21,Hoop Bleke Nelis,Bottle 75cl,1.6213195632746855
2026-09-28,Hoop Bleke Nelis,Bottle 75cl,2.342259530000629
2026-10-05,Hoop Bleke Nelis,Bottle 75cl,5.684281333483806
2026-10-12,Hoop Bleke Nelis,Bottle 75cl,1.861808663748205
2026-10-19,Hoop Bleke Nelis,Bottle 75cl,0.7088253099683851
2026-10-26,Hoop Bleke Nelis,Bottle 75cl,0.8355305928008511
2026-11-02,Hoop Bleke Nelis,Bottle 75cl,3.275620267417645
2026-11-09,Hoop Bleke Nelis,Bottle 75cl,65.32587066634783
2026-11-16,Hoop Bleke Nelis,Bottle 75cl,160.57113972600737
2026-11-23,Hoop Bleke Nelis,Bottle 75cl,28.012588899216784
2026-11-30,Hoop Bleke Nelis,Bottle 75cl,7.94254112218844
2026-12-07,Hoop Bleke Nelis,Bottle 75cl,10.959695380938383
2026-12-14,Hoop Bleke Nelis,Bottle 75cl,30.53878079014882
2026-12-21,Hoop Bleke Nelis,Bottle 75cl,31.335036949341497
2026-12-28,Hoop Bleke Nelis,Bottle 75cl,6.7943308775132705
2027-01-04,Hoop Bleke Nelis,Bottle 75cl,0.965899391563897
2027-01-11,Hoop Bleke Nelis,Bottle 75cl,0.9048898774307333
2027-01-18,Hoop Bleke Nelis,Bottle 75cl,0.04128322921562076
2027-01-25,Hoop Bleke Nelis,Bottle 75cl,0.03273365622634797
2027-02-01,Hoop Bleke Nelis,Bottle 75cl,0.113767695418002
2027-02-08,Hoop Bleke Nelis,Bottle 75cl,0.0884995893175048
2026-02-16,Hoop Bleke Nelis,Can 33cl,0.02575577090826541
2026-02-23,Hoop Bleke Nelis,Can 33cl,0.02728523140408615
2026-03-02,Hoop Bleke Nelis,Can 33cl,0.009821942007276869
2026-03-09,Hoop Bleke Nelis,Can 33cl,0.010222040957205821
2026-03-16,Hoop Bleke Nelis,Can 33cl,0.02033981541187869
2026-03-23,Hoop Bleke Nelis,Can 33cl,0.015907836293840984
2026-03-30,Hoop Bleke Nelis,Can 33cl,0.007902832061047943
2026-04-06,Hoop Bleke Nelis,Can 33cl,0.005797407026035324
2026-04-13,Hoop Bleke Nelis,Can 33cl,0.007902832061047943
2026-04-20,Hoop Bleke Nelis,Can 33cl,0.00450129903894415
2026-04-27,Hoop Bleke Nelis,Can 33cl,0.005556291722752792
2026-05-04,Hoop Bleke Nelis,Can 33cl,0.0014160590997443787
2026-05-11,Hoop Bleke Nelis,Can 33cl,0.0004940315246411434
2026-05-18,Hoop Bleke Nelis,Can 33cl,0.0035977192298804923
2026-05-25,Hoop Bleke Nelis,Can 33cl,0.00251046532532511
2026-06-01,Hoop Bleke Nelis,Can 33cl,0.002320637058622887
2026-06-08,Hoop Bleke Nelis,Can 33cl,0.0013212385493966568
2026-06-15,Hoop Bleke Nelis,Can 33cl,0.001211674154233457
2026-06-22,Hoop Bleke Nelis,Can 33cl,0.0009710807899201582
2026-06-29,Hoop Bleke Nelis,Can 33cl,0.0004649223050045729
2026-07-06,Hoop Bleke Nelis,Can 33cl,0.0004982145679431133
2026-07-13,Hoop Bleke Nelis,Can 33cl,0.0004386848426402563
2026-07-20,Hoop Bleke Nelis,Can 33cl,0.0004386848426402563
2026-07-27,Hoop Bleke Nelis,Can 33cl,0.0004386848426402563
2026-08-03,Hoop Bleke Nelis,Can 33cl,0.0011801793569018774
2026-08-10,Hoop Bleke Nelis,Can 33cl,0.0006990974343947365
2026-08-17,Hoop Bleke Nelis,Can 33cl,0.0008404115569623933
2026-08-24,Hoop Bleke Nelis,Can 33cl,0.0021978699447183013
2026-08-31,Hoop Bleke Nelis,Can 33cl,0.005163337407511649
2026-09-07,Hoop Bleke Nelis,Can 33cl,0.010321351653924468
2026-09-14,Hoop Bleke Nelis,Can 33cl,0.010321351653924468
2026-09-21,Hoop Bleke Nelis,Can 33cl,1.5076358294379106
2026-09-28,Hoop Bleke Nelis,Can 33cl,0.999361626012683
2026-10-05,Hoop Bleke Nelis,Can 33cl,1.202208656460546
2026-10-12,Hoop Bleke Nelis,Can 33cl,2.1342573666299955
2026-10-19,Hoop Bleke Nelis,Can 33cl,3.359029575774053
2026-10-26,Hoop Bleke Nelis,Can 33cl,0.13755149931225627
2026-11-02,Hoop Bleke Nelis,Can 33cl,0.1556989279730045
2026-11-09,Hoop Bleke Nelis,Can 33cl,0.10913728625021824
2026-11-16,Hoop Bleke Nelis,Can 33cl,0.007771556866201838
2026-11-23,Hoop Bleke Nelis,Can 33cl,0.005664877342304478
2026-11-30,Hoop Bleke Nelis,Can 33cl,0.006711821487867871
2026-12-07,Hoop Bleke Nelis,Can 33cl,0.15354745949180112
2026-12-14,Hoop Bleke Nelis,Can 33cl,0.7464295301922628
2026-12-21,Hoop Bleke Nelis,Can 33cl,0.18665863756827764
2026-12-28,Hoop Bleke Nelis,Can 33cl,0.547505476492962
2027-01-04,Hoop Bleke Nelis,Can 33cl,0.11750504539769656
2027-01-11,Hoop Bleke Nelis,Can 33cl,0.5643402057256355
2027-01-18,Hoop Bleke Nelis,Can 33cl,0.032208656444172805
2027-01-25,Hoop Bleke Nelis,Can 33cl,0.01891114286365507
2027-02-01,Hoop Bleke Nelis,Can 33cl,0.03360288667632874
2027-02-08,Hoop Bleke Nelis,Can 33cl,0.30169399100331434
2026-02-16,Hoop Bleke Nelis,Keg 20L,106.82795669203406
2026-02-23,Hoop Bleke Nelis,Keg 20L,97.12905095710555
2026-03-02,Hoop Bleke Nelis,Keg 20L,78.8995681849847
2026-03-09,Hoop Bleke Nelis,Keg 20L,134.10781724803323
2026-03-16,Hoop Bleke Nelis,Keg 20L,100.15441300007731
2026-03-23,Hoop Bleke Nelis,Keg 20L,123.89489625074263
2026-03-30,Hoop Bleke Nelis,Keg 20L,134.3577054161727
2026-04-06,Hoop Bleke Nelis,Keg 20L,107.97714340759346
2026-04-13,Hoop Bleke Nelis,Keg 20L,271.9790048475784
2026-04-20,Hoop Bleke Nelis,Keg 20L,123.50028875675376
2026-04-27,Hoop Bleke Nelis,Keg 20L,217.86685867403648
2026-05-04,Hoop Bleke Nelis,Keg 20L,257.9025280305713
2026-05-11,Hoop Bleke Nelis,Keg 20L,341.1417388056667
2026-05-18,Hoop Bleke Nelis,Keg 20L,283.1261072244714
2026-05-25,Hoop Bleke Nelis,Keg 20L,363.33265926271525
2026-06-01,Hoop Bleke Nelis,Keg 20L,341.27020559136645
2026-06-08,Hoop Bleke Nelis,Keg 20L,216.33914588732858
2026-06-15,Hoop Bleke Nelis,Keg 20L,204.76165603181227
2026-06-22,Hoop Bleke Nelis,Keg 20L,301.2649526951046
2026-06-29,Hoop Bleke Nelis,Keg 20L,267.761576203369
2026-07-06,Hoop Bleke Nelis,Keg 20L,211.22163136487177
2026-07-13,Hoop Bleke Nelis,Keg 20L,210.25317600658056
2026-07-20,Hoop Bleke Nelis,Keg 20L,262.475414846344
2026-07-27,Hoop Bleke Nelis,Keg 20L,210.35285829262915
2026-08-03,Hoop Bleke Nelis,Keg 20L,128.65317951296055
2026-08-10,Hoop Bleke Nelis,Keg 20L,169.38384150410093
2026-08-17,Hoop Bleke Nelis,Keg 20L,116.99670177041529
2026-08-24,Hoop Bleke Nelis,Keg 20L,176.91683749210247
2026-08-31,Hoop Bleke Nelis,Keg 20L,137.544276710064
2026-09-07,Hoop Bleke Nelis,Keg 20L,307.91942342452194
2026-09-14,Hoop Bleke Nelis,Keg 20L,187.98882638950712
2026-09-21,Hoop Bleke Nelis,Keg 20L,132.0586339394579
2026-09-28,Hoop Bleke Nelis,Keg 20L,300.10724137293283
2026-10-05,Hoop Bleke Nelis,Keg 20L,279.2878769344987
2026-10-12,Hoop Bleke Nelis,Keg 20L,193.49357520627902
2026-10-19,Hoop Bleke Nelis,Keg 20L,112.18144302267126
2026-10-26,Hoop Bleke Nelis,Keg 20L,177.67785005359195
2026-11-02,Hoop Bleke Nelis,Keg 20L,86.6477884354374
2026-11-09,Hoop Bleke Nelis,Keg 20L,114.66414658947345
2026-11-16,Hoop Bleke Nelis,Keg 20L,97.1034189901976
2026-11-23,Hoop Bleke Nelis,Keg 20L,115.46725114492158
2026-11-30,Hoop Bleke Nelis,Keg 20L,98.4046362648788
2026-12-07,Hoop Bleke Nelis,Keg 20L,95.39788165493621
2026-12-14,Hoop Bleke Nelis,Keg 20L,81.7805473889735
2026-12-21,Hoop Bleke Nelis,Keg 20L,288.7887206807133
2026-12-28,Hoop Bleke Nelis,Keg 20L,191.51041315708122
2027-01-04,Hoop Bleke Nelis,Keg 20L,78.5183137219989
2027-01-11,Hoop Bleke Nelis,Keg 20L,99.98525362748843
2027-01-18,Hoop Bleke Nelis,Keg 20L,66.30282393301253
2027-01-25,Hoop Bleke Nelis,Keg 20L,35.63182189525983
2027-02-01,Hoop Bleke Nelis,Keg 20L,101.70428701071958
2027-02-08,Hoop Bleke Nelis,Keg 20L,107.24760384365197
2026-02-16,Hoop Bleke Nelis,Keg 50L,1.54674644464027e-05
2026-02-23,Hoop Bleke Nelis,Keg 50L,1.54674644464027e-05
2026-03-02,Hoop Bleke Nelis,Keg 50L,1.54674644464027e-05
2026-03-09,Hoop Bleke Nelis,Keg 50L,1.828330925263459e-05
2026-03-16,Hoop Bleke Nelis,Keg 50L,1.828330925263459e-05
2026-03-23,Hoop Bleke Nelis,Keg 50L,1.828330925263459e-05
2026-03-30,Hoop Bleke Nelis,Keg 50L,1.828330925263459e-05
2026-04-06,Hoop Bleke Nelis,Keg 50L,1.828330925263459e-05
2026-04-13,Hoop Bleke Nelis,Keg 50L,1.828330925263459e-05
2026-04-20,Hoop Bleke Nelis,Keg 50L,1.828330925263459e-05
2026-04-27,Hoop Bleke Nelis,Keg 50L,0.0005494792907545772
2026-05-04,Hoop Bleke Nelis,Keg 50L,0.0006401326190401814
2026-05-11,Hoop Bleke Nelis,Keg 50L,0.0013974310437481062
2026-05-18,Hoop Bleke Nelis,Keg 50L,0.0013329075534070259
2026-05-25,Hoop Bleke Nelis,Keg 50L,0.0013329075534070259
2026-06-01,Hoop Bleke Nelis,Keg 50L,0.00019978451904696456
2026-06-08,Hoop Bleke Nelis,Keg 50L,7.891454355867455e-05
2026-06-15,Hoop Bleke Nelis,Keg 50L,7.891454355867455e-05
2026-06-22,Hoop Bleke Nelis,Keg 50L,8.32196039683278e-05
2026-06-29,Hoop Bleke Nelis,Keg 50L,7.891454355867455e-05
2026-07-06,Hoop Bleke Nelis,Keg 50L,7.891454355867455e-05
2026-07-13,Hoop Bleke Nelis,Keg 50L,8.32196039683278e-05
2026-07-20,Hoop Bleke Nelis,Keg 50L,7.891454355867455e-05
2026-07-27,Hoop Bleke Nelis,Keg 50L,7.891454355867455e-05
2026-08-03,Hoop Bleke Nelis,Keg 50L,0.00040732260232952816
2026-08-10,Hoop Bleke Nelis,Keg 50L,0.00048308124906227016
2026-08-17,Hoop Bleke Nelis,Keg 50L,0.00048308124906227016
2026-08-24,Hoop Bleke Nelis,Keg 50L,0.0029048269847929053
2026-08-31,Hoop Bleke Nelis,Keg 50L,0.0005627802000449772
2026-09-07,Hoop Bleke Nelis,Keg 50L,0.0012229957958605436
2026-09-14,Hoop Bleke Nelis,Keg 50L,0.0012229957958605436
2026-09-21,Hoop Bleke Nelis,Keg 50L,0.0011943787324356415
2026-09-28,Hoop Bleke Nelis,Keg 50L,0.0011943787324356415
2026-10-05,Hoop Bleke Nelis,Keg 50L,0.0013914278462978616
2026-10-12,Hoop Bleke Nelis,Keg 50L,0.00084811731175988
2026-10-19,Hoop Bleke Nelis,Keg 50L,0.00084811731175988
2026-10-26,Hoop Bleke Nelis,Keg 50L,4.6298206401292335e-05
2026-11-02,Hoop Bleke Nelis,Keg 50L,2.8583644772498587e-05
2026-11-09,Hoop Bleke Nelis,Keg 50L,2.8583644772498587e-05
2026-11-16,Hoop Bleke Nelis,Keg 50L,2.256657597361425e-05
2026-11-23,Hoop Bleke Nelis,Keg 50L,2.256657597361425e-05
2026-11-30,Hoop Bleke Nelis,Keg 50L,2.256657597361425e-05
2026-12-07,Hoop Bleke Nelis,Keg 50L,4.252168615326102e-05
2026-12-14,Hoop Bleke Nelis,Keg 50L,2.256657597361425e-05
2026-12-21,Hoop Bleke Nelis,Keg 50L,2.256657597361425e-05
2026-12-28,Hoop Bleke Nelis,Keg 50L,2.667481077641149e-05
2027-01-04,Hoop Bleke Nelis,Keg 50L,2.4244909230632076e-05
2027-01-11,Hoop Bleke Nelis,Keg 50L,2.4244909230632076e-05
2027-01-18,Hoop Bleke Nelis,Keg 50L,2.4244909230632076e-05
2027-01-25,Hoop Bleke Nelis,Keg 50L,2.4428109694448055e-05
2027-02-01,Hoop Bleke Nelis,Keg 50L,2.4428109694448055e-05
2027-02-08,Hoop Bleke Nelis,Keg 50L,2.4428109694448055e-05
2026-02-16,Hoop Bleke Nelis,Other,21.424233872467738
2026-02-23,Hoop Bleke Nelis,Other,33.23684829551529
2026-03-02,Hoop Bleke Nelis,Other,20.186673309793083
2026-03-09,Hoop Bleke Nelis,Other,47.65128485983941
2026-03-16,Hoop Bleke Nelis,Other,33.616434263865116
2026-03-23,Hoop Bleke Nelis,Other,14.346078302261015
2026-03-30,Hoop Bleke Nelis,Other,9.679527936577399
2026-04-06,Hoop Bleke Nelis,Other,5.390352861347367
2026-04-13,Hoop Bleke Nelis,Other,8.770241614205572
2026-04-20,Hoop Bleke Nelis,Other,17.7478587476789
2026-04-27,Hoop Bleke Nelis,Other,17.074592066838168
2026-05-04,Hoop Bleke Nelis,Other,10.103684505662763
2026-05-11,Hoop Bleke Nelis,Other,8.571070591396028
2026-05-18,Hoop Bleke Nelis,Other,18.272673524945343
2026-05-25,Hoop Bleke Nelis,Other,19.091346725164897
2026-06-01,Hoop Bleke Nelis,Other,49.383892149454844
2026-06-08,Hoop Bleke Nelis,Other,34.06835193258548
2026-06-15,Hoop Bleke Nelis,Other,27.618573391562194
2026-06-22,Hoop Bleke Nelis,Other,19.560636554926514
2026-06-29,Hoop Bleke Nelis,Other,13.609471106238988
2026-07-06,Hoop Bleke Nelis,Other,13.779027502556634
2026-07-13,Hoop Bleke Nelis,Other,10.839168363963214
2026-07-20,Hoop Bleke Nelis,Other,16.747637304423414
2026-07-27,Hoop Bleke Nelis,Other,27.422658165558616
2026-08-03,Hoop Bleke Nelis,Other,24.977834918995278
2026-08-10,Hoop Bleke Nelis,Other,15.607946785244833
2026-08-17,Hoop Bleke Nelis,Other,8.874427980736456
2026-08-24,Hoop Bleke Nelis,Other,27.212174502310997
2026-08-31,Hoop Bleke Nelis,Other,13.373740356035132
2026-09-07,Hoop Bleke Nelis,Other,24.002813836879454
2026-09-14,Hoop Bleke Nelis,Other,20.131864514097607
2026-09-21,Hoop Bleke Nelis,Other,15.289602990315379
2026-09-28,Hoop Bleke Nelis,Other,13.713972421107023
2026-10-05,Hoop Bleke Nelis,Other,7.25227499561426
2026-10-12,Hoop Bleke Nelis,Other,12.387255663179195
2026-10-19,Hoop Bleke Nelis,Other,9.007318076536459
2026-10-26,Hoop Bleke Nelis,Other,12.335585887364491
2026-11-02,Hoop Bleke Nelis,Other,23.49239475833036
2026-11-09,Hoop Bleke Nelis,Other,34.91589684174556
2026-11-16,Hoop Bleke Nelis,Other,33.3670918343299
2026-11-23,Hoop Bleke Nelis,Other,27.131064298131626
2026-11-30,Hoop Bleke Nelis,Other,26.922466070973215
2026-12-07,Hoop Bleke Nelis,Other,27.49560509610488
2026-12-14,Hoop Bleke Nelis,Other,22.900821112736963
2026-12-21,Hoop Bleke Nelis,Other,16.710536281084874
2026-12-28,Hoop Bleke Nelis,Other,14.02922977551247
2027-01-04,Hoop Bleke Nelis,Other,6.289724771349187
2027-01-11,Hoop Bleke Nelis,Other,9.279684008133108
2027-01-18,Hoop Bleke Nelis,Other,9.668811312790334
2027-01-25,Hoop Bleke Nelis,Other,12.357136584656631
2027-02-01,Hoop Bleke Nelis,Other,13.416690264258456
2027-02-08,Hoop Bleke Nelis,Other,39.551938150107176
2026-02-16,Hoop Kaper Tropical IPA,Bottle 33cl,19.240345663730388
2026-02-23,Hoop Kaper Tropical IPA,Bottle 33cl,17.122806298702034
2026-03-02,Hoop Kaper Tropical IPA,Bottle 33cl,16.155376636609198
2026-03-09,Hoop Kaper Tropical IPA,Bottle 33cl,22.692702279312147
2026-03-16,Hoop Kaper Tropical IPA,Bottle 33cl,25.727446225792836
2026-03-23,Hoop Kaper Tropical IPA,Bottle 33cl,21.22662687069982
2026-03-30,Hoop Kaper Tropical IPA,Bottle 33cl,28.210836651614375
2026-04-06,Hoop Kaper Tropical IPA,Bottle 33cl,21.236521840358925
2026-04-13,Hoop Kaper Tropical IPA,Bottle 33cl,54.900338432324006
2026-04-20,Hoop Kaper Tropical IPA,Bottle 33cl,20.84553666940838
2026-04-27,Hoop Kaper Tropical IPA,Bottle 33cl,24.87072724990889
2026-05-04,Hoop Kaper Tropical IPA,Bottle 33cl,85.85445389159037
2026-05-11,Hoop Kaper Tropical IPA,Bottle 33cl,64.2793616925144
2026-05-18,Hoop Kaper Tropical IPA,Bottle 33cl,32.85835659787539
2026-05-25,Hoop Kaper Tropical IPA,Bottle 33cl,54.64924930729015
2026-06-01,Hoop Kaper Tropical IPA,Bottle 33cl,41.01338116988147
2026-06-08,Hoop Kaper Tropical IPA,Bottle 33cl,86.61425344133748
2026-06-15,Hoop Kaper Tropical IPA,Bottle 33cl,26.935324560832115
2026-06-22,Hoop Kaper Tropical IPA,Bottle 33cl,139.90093830765193
2026-06-29,Hoop Kaper Tropical IPA,Bottle 33cl,57.848395197030186
2026-07-06,Hoop Kaper Tropical IPA,Bottle 33cl,66.82316559761837
2026-07-13,Hoop Kaper Tropical IPA,Bottle 33cl,58.80595385435972
2026-07-20,Hoop Kaper Tropical IPA,Bottle 33cl,59.6818981956964
2026-07-27,Hoop Kaper Tropical IPA,Bottle 33cl,60.05654644118061
2026-08-03,Hoop Kaper Tropical IPA,Bottle 33cl,41.58712957317126
2026-08-10,Hoop Kaper Tropical IPA,Bottle 33cl,61.25613947373751
2026-08-17,Hoop Kaper Tropical IPA,Bottle 33cl,51.43834482297025
2026-08-24,Hoop Kaper Tropical IPA,Bottle 33cl,66.77872915743157
2026-08-31,Hoop Kaper Tropical IPA,Bottle 33cl,49.26033238958974
2026-09-07,Hoop Kaper Tropical IPA,Bottle 33cl,59.935848315422646
2026-09-14,Hoop Kaper Tropical IPA,Bottle 33cl,63.40812215806633
2026-09-21,Hoop Kaper Tropical IPA,Bottle 33cl,61.4680423298082
2026-09-28,Hoop Kaper Tropical IPA,Bottle 33cl,86.48556937988597
2026-10-05,Hoop Kaper Tropical IPA,Bottle 33cl,71.5847731601926
2026-10-12,Hoop Kaper Tropical IPA,Bottle 33cl,47.54647410395126
2026-10-19,Hoop Kaper Tropical IPA,Bottle 33cl,34.76038047886434
2026-10-26,Hoop Kaper Tropical IPA,Bottle 33cl,48.827898932948436
2026-11-02,Hoop Kaper Tropical IPA,Bottle 33cl,52.2919398023352
2026-11-09,Hoop Kaper Tropical IPA,Bottle 33cl,33.098413278404855
2026-11-16,Hoop Kaper Tropical IPA,Bottle 33cl,62.24511771239821
2026-11-23,Hoop Kaper Tropical IPA,Bottle 33cl,32.23900951373115
2026-11-30,Hoop Kaper Tropical IPA,Bottle 33cl,60.19428501012917
2026-12-07,Hoop Kaper Tropical IPA,Bottle 33cl,25.094688111839506
2026-12-14,Hoop Kaper Tropical IPA,Bottle 33cl,91.22603541973453
2026-12-21,Hoop Kaper Tropical IPA,Bottle 33cl,31.558487447835972
2026-12-28,Hoop Kaper Tropical IPA,Bottle 33cl,103.21396762008398
2027-01-04,Hoop Kaper Tropical IPA,Bottle 33cl,13.75614293814321
2027-01-11,Hoop Kaper Tropical IPA,Bottle 33cl,27.0043123485267
2027-01-18,Hoop Kaper Tropical IPA,Bottle 33cl,12.055414806241373
2027-01-25,Hoop Kaper Tropical IPA,Bottle 33cl,18.3924022058697
2027-02-01,Hoop Kaper Tropical IPA,Bottle 33cl,31.299258373669215
2027-02-08,Hoop Kaper Tropical IPA,Bottle 33cl,17.183591687590482
2026-02-16,Hoop Kaper Tropical IPA,Can 33cl,0.16226146867355895
2026-02-23,Hoop Kaper Tropical IPA,Can 33cl,0.09697601744645962
2026-03-02,Hoop Kaper Tropical IPA,Can 33cl,0.1238241996954016
2026-03-09,Hoop Kaper Tropical IPA,Can 33cl,0.06988474497832421
2026-03-16,Hoop Kaper Tropical IPA,Can 33cl,0.04239327182788208
2026-03-23,Hoop Kaper Tropical IPA,Can 33cl,0.02625913790150496
2026-03-30,Hoop Kaper Tropical IPA,Can 33cl,0.0626023659182728
2026-04-06,Hoop Kaper Tropical IPA,Can 33cl,0.8450165092149379
2026-04-13,Hoop Kaper Tropical IPA,Can 33cl,0.3629121252545841
2026-04-20,Hoop Kaper Tropical IPA,Can 33cl,0.22760471452643036
2026-04-27,Hoop Kaper Tropical IPA,Can 33cl,0.2175785007190897
2026-05-04,Hoop Kaper Tropical IPA,Can 33cl,0.5332865303296932
2026-05-11,Hoop Kaper Tropical IPA,Can 33cl,0.4261944903270012
2026-05-18,Hoop Kaper Tropical IPA,Can 33cl,0.27173560582354217
2026-05-25,Hoop Kaper Tropical IPA,Can 33cl,0.9018720353542021
2026-06-01,Hoop Kaper Tropical IPA,Can 33cl,0.5548234652291834
2026-06-08,Hoop Kaper Tropical IPA,Can 33cl,0.43047237355569046
2026-06-15,Hoop Kaper Tropical IPA,Can 33cl,0.38646504151350336
2026-06-22,Hoop Kaper Tropical IPA,Can 33cl,0.38646504151350336
2026-06-29,Hoop Kaper Tropical IPA,Can 33cl,0.502587222666566
2026-07-06,Hoop Kaper Tropical IPA,Can 33cl,1.2770053742056398
2026-07-13,Hoop Kaper Tropical IPA,Can 33cl,1.6234363067248707
2026-07-20,Hoop Kaper Tropical IPA,Can 33cl,2.43374998509223
2026-07-27,Hoop Kaper Tropical IPA,Can 33cl,3.3028274418287165
2026-08-03,Hoop Kaper Tropical IPA,Can 33cl,0.1540083265664838
2026-08-10,Hoop Kaper Tropical IPA,Can 33cl,0.1540083265664838
2026-08-17,Hoop Kaper Tropical IPA,Can 33cl,0.09141887985278177
2026-08-24,Hoop Kaper Tropical IPA,Can 33cl,0.04288630271943066
2026-08-31,Hoop Kaper Tropical IPA,Can 33cl,0.0731315925936328
2026-09-07,Hoop Kaper Tropical IPA,Can 33cl,0.14376797174316408
2026-09-14,Hoop Kaper Tropical IPA,Can 33cl,0.09328425226616374
2026-09-21,Hoop Kaper Tropical IPA,Can 33cl,0.07166040310764571
2026-09-28,Hoop Kaper Tropical IPA,Can 33cl,0.031313213418995296
2026-10-05,Hoop Kaper Tropical IPA,Can 33cl,0.012097147324742225
2026-10-12,Hoop Kaper Tropical IPA,Can 33cl,0.03235145660086167
2026-10-19,Hoop Kaper Tropical IPA,Can 33cl,0.015961798061109696
2026-10-26,Hoop Kaper Tropical IPA,Can 33cl,0.005400328383424519
2026-11-02,Hoop Kaper Tropical IPA,Can 33cl,0.006370072266402836
2026-11-09,Hoop Kaper Tropical IPA,Can 33cl,0.0020489113772723176
2026-11-16,Hoop Kaper Tropical IPA,Can 33cl,0.00012053249739630197
2026-11-23,Hoop Kaper Tropical IPA,Can 33cl,9.010760654968797e-05
2026-11-30,Hoop Kaper Tropical IPA,Can 33cl,5.5924572862515e-05
2026-12-07,Hoop Kaper Tropical IPA,Can 33cl,0.0004023568966832723
2026-12-14,Hoop Kaper Tropical IPA,Can 33cl,0.0001804779564655421
2026-12-21,Hoop Kaper Tropical IPA,Can 33cl,0.00016707694730203122
2026-12-28,Hoop Kaper Tropical IPA,Can 33cl,0.0002891658493293356
2027-01-04,Hoop Kaper Tropical IPA,Can 33cl,0.0012589558227353939
2027-01-11,Hoop Kaper Tropical IPA,Can 33cl,0.002325639125472982
2027-01-18,Hoop Kaper Tropical IPA,Can 33cl,0.0060226044449312
2027-01-25,Hoop Kaper Tropical IPA,Can 33cl,0.004876045699752712
2027-02-01,Hoop Kaper Tropical IPA,Can 33cl,0.002779108643680121
2027-02-08,Hoop Kaper Tropical IPA,Can 33cl,0.38949847369185764
2026-02-16,Hoop Kaper Tropical IPA,Keg 20L,22.598303569885307
2026-02-23,Hoop Kaper Tropical IPA,Keg 20L,65.41090415444296
2026-03-02,Hoop Kaper Tropical IPA,Keg 20L,45.70925859498346
2026-03-09,Hoop Kaper Tropical IPA,Keg 20L,78.1781677327179
2026-03-16,Hoop Kaper Tropical IPA,Keg 20L,56.515486361349026
2026-03-23,Hoop Kaper Tropical IPA,Keg 20L,59.3234785093583
2026-03-30,Hoop Kaper Tropical IPA,Keg 20L,62.40488486170342
2026-04-06,Hoop Kaper Tropical IPA,Keg 20L,61.62314448912635
2026-04-13,Hoop Kaper Tropical IPA,Keg 20L,101.63093594783474
2026-04-20,Hoop Kaper Tropical IPA,Keg 20L,123.47193286272795
2026-04-27,Hoop Kaper Tropical IPA,Keg 20L,78.66829614315651
2026-05-04,Hoop Kaper Tropical IPA,Keg 20L,171.9960558985107
2026-05-11,Hoop Kaper Tropical IPA,Keg 20L,89.61521951084538
2026-05-18,Hoop Kaper Tropical IPA,Keg 20L,245.78695218282274
2026-05-25,Hoop Kaper Tropical IPA,Keg 20L,98.34089086369792
2026-06-01,Hoop Kaper Tropical IPA,Keg 20L,228.94342424458878
2026-06-08,Hoop Kaper Tropical IPA,Keg 20L,114.12032652161555
2026-06-15,Hoop Kaper Tropical IPA,Keg 20L,161.95620096970103
2026-06-22,Hoop Kaper Tropical IPA,Keg 20L,81.42665235017202
2026-06-29,Hoop Kaper Tropical IPA,Keg 20L,135.1821307907762
2026-07-06,Hoop Kaper Tropical IPA,Keg 20L,78.86086890678567
2026-07-13,Hoop Kaper Tropical IPA,Keg 20L,177.4823807658054
2026-07-20,Hoop Kaper Tropical IPA,Keg 20L,78.32318543194773
2026-07-27,Hoop Kaper Tropical IPA,Keg 20L,219.7333584564887
2026-08-03,Hoop Kaper Tropical IPA,Keg 20L,86.26694727316772
2026-08-10,Hoop Kaper Tropical IPA,Keg 20L,201.87486958410744
2026-08-17,Hoop Kaper Tropical IPA,Keg 20L,86.53648599084238
2026-08-24,Hoop Kaper Tropical IPA,Keg 20L,203.1990518851609
2026-08-31,Hoop Kaper Tropical IPA,Keg 20L,71.6057439968107
2026-09-07,Hoop Kaper Tropical IPA,Keg 20L,118.07374739148548
2026-09-14,Hoop Kaper Tropical IPA,Keg 20L,73.36654020400844
2026-09-21,Hoop Kaper Tropical IPA,Keg 20L,158.34627079384876
2026-09-28,Hoop Kaper Tropical IPA,Keg 20L,43.71579489261449
2026-10-05,Hoop Kaper Tropical IPA,Keg 20L,124.59257240719728
2026-10-12,Hoop Kaper Tropical IPA,Keg 20L,68.20074280316396
2026-10-19,Hoop Kaper Tropical IPA,Keg 20L,96.38227727273873
2026-10-26,Hoop Kaper Tropical IPA,Keg 20L,52.591019821530836
2026-11-02,Hoop Kaper Tropical IPA,Keg 20L,95.32663058406452
2026-11-09,Hoop Kaper Tropical IPA,Keg 20L,49.75260693006182
2026-11-16,Hoop Kaper Tropical IPA,Keg 20L,80.81910351167605
2026-11-23,Hoop Kaper Tropical IPA,Keg 20L,47.75730746074559
2026-11-30,Hoop Kaper Tropical IPA,Keg 20L,54.2524325944162
2026-12-07,Hoop Kaper Tropical IPA,Keg 20L,38.340773526925915
2026-12-14,Hoop Kaper Tropical IPA,Keg 20L,59.744628773400606
2026-12-21,Hoop Kaper Tropical IPA,Keg 20L,22.007708603916253
2026-12-28,Hoop Kaper Tropical IPA,Keg 20L,40.408708641669314
2027-01-04,Hoop Kaper Tropical IPA,Keg 20L,34.769686493278535
2027-01-11,Hoop Kaper Tropical IPA,Keg 20L,41.054054621644106
2027-01-18,Hoop Kaper Tropical IPA,Keg 20L,19.730119117216404
2027-01-25,Hoop Kaper Tropical IPA,Keg 20L,50.33614780713701
2027-02-01,Hoop Kaper Tropical IPA,Keg 20L,25.716053357235666
2027-02-08,Hoop Kaper Tropical IPA,Keg 20L,46.73409187781337
2026-02-16,Hoop Kaper Tropical IPA,Other,1.5784998710617573
2026-02-23,Hoop Kaper Tropical IPA,Other,2.6925187817678156
2026-03-02,Hoop Kaper Tropical IPA,Other,3.2589543698674963
2026-03-09,Hoop Kaper Tropical IPA,Other,1.8182099533033458
2026-03-16,Hoop Kaper Tropical IPA,Other,4.603763569240705
2026-03-23,Hoop Kaper Tropical IPA,Other,1.2304627665890442
2026-03-30,Hoop Kaper Tropical IPA,Other,3.3950455394981547
2026-04-06,Hoop Kaper Tropical IPA,Other,4.027890188928195
2026-04-13,Hoop Kaper Tropical IPA,Other,5.987394800783501
2026-04-20,Hoop Kaper Tropical IPA,Other,9.655468947163545
2026-04-27,Hoop Kaper Tropical IPA,Other,3.691504993448974
2026-05-04,Hoop Kaper Tropical IPA,Other,3.0663544923583452
2026-05-11,Hoop Kaper Tropical IPA,Other,4.776822377631389
2026-05-18,Hoop Kaper Tropical IPA,Other,9.166814320308323
2026-05-25,Hoop Kaper Tropical IPA,Other,5.196201990466808
2026-06-01,Hoop Kaper Tropical IPA,Other,10.62277633014519
2026-06-08,Hoop Kaper Tropical IPA,Other,2.377567141544802
2026-06-15,Hoop Kaper Tropical IPA,Other,6.314172054526301
2026-06-22,Hoop Kaper Tropical IPA,Other,5.772544444046779
2026-06-29,Hoop Kaper Tropical IPA,Other,5.70824649612874
2026-07-06,Hoop Kaper Tropical IPA,Other,10.461077362864827
2026-07-13,Hoop Kaper Tropical IPA,Other,3.491399342343391
2026-07-20,Hoop Kaper Tropical IPA,Other,2.6169980372797963
2026-07-27,Hoop Kaper Tropical IPA,Other,10.571985672855112
2026-08-03,Hoop Kaper Tropical IPA,Other,7.611461469703555
2026-08-10,Hoop Kaper Tropical IPA,Other,1.1453890394556019
2026-08-17,Hoop Kaper Tropical IPA,Other,1.2676339184296288
2026-08-24,Hoop Kaper Tropical IPA,Other,3.1387999110388014
2026-08-31,Hoop Kaper Tropical IPA,Other,10.05171207322399
2026-09-07,Hoop Kaper Tropical IPA,Other,5.63081188279299
2026-09-14,Hoop Kaper Tropical IPA,Other,3.0513107791006706
2026-09-21,Hoop Kaper Tropical IPA,Other,2.8122104893242508
2026-09-28,Hoop Kaper Tropical IPA,Other,4.8897237545577665
2026-10-05,Hoop Kaper Tropical IPA,Other,5.147937502231583
2026-10-12,Hoop Kaper Tropical IPA,Other,6.823190878450793
2026-10-19,Hoop Kaper Tropical IPA,Other,2.5229840278389966
2026-10-26,Hoop Kaper Tropical IPA,Other,2.893601640686633
2026-11-02,Hoop Kaper Tropical IPA,Other,6.722351652665636
2026-11-09,Hoop Kaper Tropical IPA,Other,13.826604137695856
2026-11-16,Hoop Kaper Tropical IPA,Other,2.6172970345895146
2026-11-23,Hoop Kaper Tropical IPA,Other,11.376879472543113
2026-11-30,Hoop Kaper Tropical IPA,Other,4.631858089304133
2026-12-07,Hoop Kaper Tropical IPA,Other,2.4170267975537154
2026-12-14,Hoop Kaper Tropical IPA,Other,16.246900526874217
2026-12-21,Hoop Kaper Tropical IPA,Other,5.924915925720143
2026-12-28,Hoop Kaper Tropical IPA,Other,6.64001027312016
2027-01-04,Hoop Kaper Tropical IPA,Other,1.2857005792908671
2027-01-11,Hoop Kaper Tropical IPA,Other,3.9788561534530373
2027-01-18,Hoop Kaper Tropical IPA,Other,7.351865916873965
2027-01-25,Hoop Kaper Tropical IPA,Other,4.172088427079701
2027-02-01,Hoop Kaper Tropical IPA,Other,1.6729720179653025
2027-02-08,Hoop Kaper Tropical IPA,Other,2.651215713514842
2026-02-16,Hoop Lager,Bottle 33cl,0.003646726261314351
2026-02-23,Hoop Lager,Bottle 33cl,0.10467615338077525
2026-03-02,Hoop Lager,Bottle 33cl,0.035963396839492935
2026-03-09,Hoop Lager,Bottle 33cl,0.01379672551874188
2026-03-16,Hoop Lager,Bottle 33cl,0.0077092326325419284
2026-03-23,Hoop Lager,Bottle 33cl,0.0021652675906895366
2026-03-30,Hoop Lager,Bottle 33cl,0.000989695150013116
2026-04-06,Hoop Lager,Bottle 33cl,0.010893817349024379
2026-04-13,Hoop Lager,Bottle 33cl,0.0026848034516260082
2026-04-20,Hoop Lager,Bottle 33cl,0.0026022574076436556
2026-04-27,Hoop Lager,Bottle 33cl,0.0009465592033710695
2026-05-04,Hoop Lager,Bottle 33cl,0.003338887249673432
2026-05-11,Hoop Lager,Bottle 33cl,0.001310155118718802
2026-05-18,Hoop Lager,Bottle 33cl,0.0006214250816779116
2026-05-25,Hoop Lager,Bottle 33cl,0.0005068381408870837
2026-06-01,Hoop Lager,Bottle 33cl,0.00022131675222395253
2026-06-08,Hoop Lager,Bottle 33cl,0.0006967724797234724
2026-06-15,Hoop Lager,Bottle 33cl,0.001181013596569947
2026-06-22,Hoop Lager,Bottle 33cl,0.0009145639134780132
2026-06-29,Hoop Lager,Bottle 33cl,0.001417153597274581
2026-07-06,Hoop Lager,Bottle 33cl,0.0017285116734837758
2026-07-13,Hoop Lager,Bottle 33cl,0.0009700737532714467
2026-07-20,Hoop Lager,Bottle 33cl,0.0013863519236016726
2026-07-27,Hoop Lager,Bottle 33cl,0.0015714934810034358
2026-08-03,Hoop Lager,Bottle 33cl,0.008183588693636187
2026-08-10,Hoop Lager,Bottle 33cl,0.009548277402455013
2026-08-17,Hoop Lager,Bottle 33cl,0.005026062058209687
2026-08-24,Hoop Lager,Bottle 33cl,0.015953948509807074
2026-08-31,Hoop Lager,Bottle 33cl,0.0033052171968272065
2026-09-07,Hoop Lager,Bottle 33cl,0.0010315332719169994
2026-09-14,Hoop Lager,Bottle 33cl,0.001091546589400252
2026-09-21,Hoop Lager,Bottle 33cl,0.001066033295531798
2026-09-28,Hoop Lager,Bottle 33cl,0.0011363448030434302
2026-10-05,Hoop Lager,Bottle 33cl,0.0013948359193139465
2026-10-12,Hoop Lager,Bottle 33cl,0.0014808096662837725
2026-10-19,Hoop Lager,Bottle 33cl,0.004100475837064
2026-10-26,Hoop Lager,Bottle 33cl,0.0026453494845904628
2026-11-02,Hoop Lager,Bottle 33cl,0.049146349285131195
2026-11-09,Hoop Lager,Bottle 33cl,0.019694260806571474
2026-11-16,Hoop Lager,Bottle 33cl,0.08134753439259287
2026-11-23,Hoop Lager,Bottle 33cl,0.014785541824177318
2026-11-30,Hoop Lager,Bottle 33cl,0.017118085426750355
2026-12-07,Hoop Lager,Bottle 33cl,0.18052112892579847
2026-12-14,Hoop Lager,Bottle 33cl,0.007670305964367553
2026-12-21,Hoop Lager,Bottle 33cl,0.005510545495147131
2026-12-28,Hoop Lager,Bottle 33cl,0.0011598981966624371
2027-01-04,Hoop Lager,Bottle 33cl,0.020038091421007424
2027-01-11,Hoop Lager,Bottle 33cl,0.011689548718978253
2027-01-18,Hoop Lager,Bottle 33cl,0.08839463102103118
2027-01-25,Hoop Lager,Bottle 33cl,0.20426928574612516
2027-02-01,Hoop Lager,Bottle 33cl,0.00900202119974123
2027-02-08,Hoop Lager,Bottle 33cl,0.06071217183004587
2026-02-16,Hoop Lager,Can 33cl,0.0005097229578192759
2026-02-23,Hoop Lager,Can 33cl,0.0005097229578192759
2026-03-02,Hoop Lager,Can 33cl,0.0003508924902479199
2026-03-09,Hoop Lager,Can 33cl,0.00026602415654828466
2026-03-16,Hoop Lager,Can 33cl,7.769438245498506e-05
2026-03-23,Hoop Lager,Can 33cl,4.9605426669123606e-05
2026-03-30,Hoop Lager,Can 33cl,1.4487642932434473e-05
2026-04-06,Hoop Lager,Can 33cl,7.769438245498506e-05
2026-04-13,Hoop Lager,Can 33cl,1.4487642932434473e-05
2026-04-20,Hoop Lager,Can 33cl,7.769438245498506e-05
2026-04-27,Hoop Lager,Can 33cl,7.769438245498506e-05
2026-05-04,Hoop Lager,Can 33cl,7.769438245498506e-05
2026-05-11,Hoop Lager,Can 33cl,7.555400812097227e-06
2026-05-18,Hoop Lager,Can 33cl,7.555400812097227e-06
2026-05-25,Hoop Lager,Can 33cl,7.239773002777377e-06
2026-06-01,Hoop Lager,Can 33cl,7.239773002777377e-06
2026-06-08,Hoop Lager,Can 33cl,7.239773002777377e-06
2026-06-15,Hoop Lager,Can 33cl,7.239773002777377e-06
2026-06-22,Hoop Lager,Can 33cl,7.239773002777377e-06
2026-06-29,Hoop Lager,Can 33cl,7.239773002777377e-06
2026-07-06,Hoop Lager,Can 33cl,7.239773002777377e-06
2026-07-13,Hoop Lager,Can 33cl,7.239773002777377e-06
2026-07-20,Hoop Lager,Can 33cl,7.239773002777377e-06
2026-07-27,Hoop Lager,Can 33cl,7.239773002777377e-06
2026-08-03,Hoop Lager,Can 33cl,7.239773002777377e-06
2026-08-10,Hoop Lager,Can 33cl,7.239773002777377e-06
2026-08-17,Hoop Lager,Can 33cl,7.239773002777377e-06
2026-08-24,Hoop Lager,Can 33cl,7.239773002777377e-06
2026-08-31,Hoop Lager,Can 33cl,7.239773002777377e-06
2026-09-07,Hoop Lager,Can 33cl,7.239773002777377e-06
2026-09-14,Hoop Lager,Can 33cl,7.239773002777377e-06
2026-09-21,Hoop Lager,Can 33cl,7.239773002777377e-06
2026-09-28,Hoop Lager,Can 33cl,7.239773002777377e-06
2026-10-05,Hoop Lager,Can 33cl,7.239773002777377e-06
2026-10-12,Hoop Lager,Can 33cl,7.239773002777377e-06
2026-10-19,Hoop Lager,Can 33cl,7.239773002777377e-06
2026-10-26,Hoop Lager,Can 33cl,7.239773002777377e-06
2026-11-02,Hoop Lager,Can 33cl,7.239773002777377e-06
2026-11-09,Hoop Lager,Can 33cl,0.000245653669743101
2026-11-16,Hoop Lager,Can 33cl,0.0003240233106389022
2026-11-23,Hoop Lager,Can 33cl,0.0003240233106389022
2026-11-30,Hoop Lager,Can 33cl,0.0003240233106389022
2026-12-07,Hoop Lager,Can 33cl,0.0003240233106389022
2026-12-14,Hoop Lager,Can 33cl,0.0003240233106389022
2026-12-21,Hoop Lager,Can 33cl,0.000245653669743101
2026-12-28,Hoop Lager,Can 33cl,0.000245653669743101
2027-01-04,Hoop Lager,Can 33cl,0.00047069152202306044
2027-01-11,Hoop Lager,Can 33cl,0.0002785641594965066
2027-01-18,Hoop Lager,Can 33cl,0.0002785641594965066
2027-01-25,Hoop Lager,Can 33cl,0.00047069152202306044
2027-02-01,Hoop Lager,Can 33cl,0.0004912119629132073
2027-02-08,Hoop Lager,Can 33cl,0.0004912119629132073
2026-02-16,Hoop Lager,Keg 20L,359.2718936449907
2026-02-23,Hoop Lager,Keg 20L,267.6507753312601
2026-03-02,Hoop Lager,Keg 20L,284.575220205815
2026-03-09,Hoop Lager,Keg 20L,381.61070052159835
2026-03-16,Hoop Lager,Keg 20L,323.81063189035507
2026-03-23,Hoop Lager,Keg 20L,358.5943301303023
2026-03-30,Hoop Lager,Keg 20L,314.98326750690796
2026-04-06,Hoop Lager,Keg 20L,478.8887197454692
2026-04-13,Hoop Lager,Keg 20L,450.24233122439495
2026-04-20,Hoop Lager,Keg 20L,545.0093874886828
2026-04-27,Hoop Lager,Keg 20L,509.0596951492922
2026-05-04,Hoop Lager,Keg 20L,208.0476968872442
2026-05-11,Hoop Lager,Keg 20L,261.70176005789176
2026-05-18,Hoop Lager,Keg 20L,278.5121473705486
2026-05-25,Hoop Lager,Keg 20L,430.4784279393621
2026-06-01,Hoop Lager,Keg 20L,319.5841418242721
2026-06-08,Hoop Lager,Keg 20L,381.3845203533914
2026-06-15,Hoop Lager,Keg 20L,431.58009848197327
2026-06-22,Hoop Lager,Keg 20L,687.9100064782898
2026-06-29,Hoop Lager,Keg 20L,173.83389641605646
2026-07-06,Hoop Lager,Keg 20L,194.2477270795595
2026-07-13,Hoop Lager,Keg 20L,330.3779199023013
2026-07-20,Hoop Lager,Keg 20L,336.75067396665605
2026-07-27,Hoop Lager,Keg 20L,466.85429972053066
2026-08-03,Hoop Lager,Keg 20L,530.6567571848498
2026-08-10,Hoop Lager,Keg 20L,312.3403615350341
2026-08-17,Hoop Lager,Keg 20L,132.72865628099302
2026-08-24,Hoop Lager,Keg 20L,494.3826864409274
2026-08-31,Hoop Lager,Keg 20L,422.90558286368474
2026-09-07,Hoop Lager,Keg 20L,362.3853036332628
2026-09-14,Hoop Lager,Keg 20L,396.8893381858938
2026-09-21,Hoop Lager,Keg 20L,354.96762652227403
2026-09-28,Hoop Lager,Keg 20L,518.0527949233164
2026-10-05,Hoop Lager,Keg 20L,288.46967306603597
2026-10-12,Hoop Lager,Keg 20L,360.8971735096847
2026-10-19,Hoop Lager,Keg 20L,474.217480115784
2026-10-26,Hoop Lager,Keg 20L,246.58588536686972
2026-11-02,Hoop Lager,Keg 20L,553.2071818768708
2026-11-09,Hoop Lager,Keg 20L,204.28476979531212
2026-11-16,Hoop Lager,Keg 20L,157.29892704526438
2026-11-23,Hoop Lager,Keg 20L,301.20911458095884
2026-11-30,Hoop Lager,Keg 20L,328.59562412808435
2026-12-07,Hoop Lager,Keg 20L,492.44147912681694
2026-12-14,Hoop Lager,Keg 20L,303.97028936113605
2026-12-21,Hoop Lager,Keg 20L,317.36603584020224
2026-12-28,Hoop Lager,Keg 20L,605.6178826564546
2027-01-04,Hoop Lager,Keg 20L,168.85928959819213
2027-01-11,Hoop Lager,Keg 20L,162.86577541706782
2027-01-18,Hoop Lager,Keg 20L,320.2416069742943
2027-01-25,Hoop Lager,Keg 20L,227.43783619438932
2027-02-01,Hoop Lager,Keg 20L,207.00425422975695
2027-02-08,Hoop Lager,Keg 20L,292.99214856255855
2026-02-16,Hoop Lager,Keg 50L,0.002140917002761501
2026-02-23,Hoop Lager,Keg 50L,0.0030442902491766496
2026-03-02,Hoop Lager,Keg 50L,0.005872141545114869
2026-03-09,Hoop Lager,Keg 50L,0.006512374056102881
2026-03-16,Hoop Lager,Keg 50L,0.01469189749306417
2026-03-23,Hoop Lager,Keg 50L,0.006256131068599273
2026-03-30,Hoop Lager,Keg 50L,0.006256131068599273
2026-04-06,Hoop Lager,Keg 50L,0.01382514955940783
2026-04-13,Hoop Lager,Keg 50L,0.007320792982720544
2026-04-20,Hoop Lager,Keg 50L,0.027135038265915387
2026-04-27,Hoop Lager,Keg 50L,0.2593580974582031
2026-05-04,Hoop Lager,Keg 50L,172.78482140740817
2026-05-11,Hoop Lager,Keg 50L,297.6025298249526
2026-05-18,Hoop Lager,Keg 50L,6.694582468945731
2026-05-25,Hoop Lager,Keg 50L,20.485599735459445
2026-06-01,Hoop Lager,Keg 50L,13.537007034398655
2026-06-08,Hoop Lager,Keg 50L,5.591145439394832
2026-06-15,Hoop Lager,Keg 50L,26.46381849058953
2026-06-22,Hoop Lager,Keg 50L,22.025666382621495
2026-06-29,Hoop Lager,Keg 50L,130.58419236392285
2026-07-06,Hoop Lager,Keg 50L,71.16274193834352
2026-07-13,Hoop Lager,Keg 50L,24.641087031779787
2026-07-20,Hoop Lager,Keg 50L,232.86623543410454
2026-07-27,Hoop Lager,Keg 50L,288.7989482022527
2026-08-03,Hoop Lager,Keg 50L,10.275653041925082
2026-08-10,Hoop Lager,Keg 50L,74.44528205237934
2026-08-17,Hoop Lager,Keg 50L,13.284802050117099
2026-08-24,Hoop Lager,Keg 50L,4.293806724794129
2026-08-31,Hoop Lager,Keg 50L,44.14246643266717
2026-09-07,Hoop Lager,Keg 50L,7.679479747773832
2026-09-14,Hoop Lager,Keg 50L,10.224762450433753
2026-09-21,Hoop Lager,Keg 50L,6.522313780464843
2026-09-28,Hoop Lager,Keg 50L,14.804524799090462
2026-10-05,Hoop Lager,Keg 50L,47.51684424187527
2026-10-12,Hoop Lager,Keg 50L,7.1537843781203545
2026-10-19,Hoop Lager,Keg 50L,5.375486951022193
2026-10-26,Hoop Lager,Keg 50L,0.1422936258848329
2026-11-02,Hoop Lager,Keg 50L,0.45356273722256396
2026-11-09,Hoop Lager,Keg 50L,0.10288645271294446
2026-11-16,Hoop Lager,Keg 50L,0.1348001731625585
2026-11-23,Hoop Lager,Keg 50L,0.14218532993404565
2026-11-30,Hoop Lager,Keg 50L,0.10969190673304142
2026-12-07,Hoop Lager,Keg 50L,0.17107264634269168
2026-12-14,Hoop Lager,Keg 50L,0.04957891479078414
2026-12-21,Hoop Lager,Keg 50L,0.08896403233766377
2026-12-28,Hoop Lager,Keg 50L,0.041909671575129676
2027-01-04,Hoop Lager,Keg 50L,0.06330152113555955
2027-01-11,Hoop Lager,Keg 50L,0.30494170254979613
2027-01-18,Hoop Lager,Keg 50L,1.4173715459988334
2027-01-25,Hoop Lager,Keg 50L,0.22898587136348508
2027-02-01,Hoop Lager,Keg 50L,0.03243739625232524
2027-02-08,Hoop Lager,Keg 50L,0.18604654400979603
2026-02-16,Hoop Lager,Other,0.15559059677671716
2026-02-23,Hoop Lager,Other,0.131784505631838
2026-03-02,Hoop Lager,Other,0.07919392443547968
2026-03-09,Hoop Lager,Other,0.05316421641624143
2026-03-16,Hoop Lager,Other,0.0750211381730135
2026-03-23,Hoop Lager,Other,0.06540985345537598
2026-03-30,Hoop Lager,Other,0.13262892797178177
2026-04-06,Hoop Lager,Other,0.10289061423085356
2026-04-13,Hoop Lager,Other,0.14363114591270412
2026-04-20,Hoop Lager,Other,0.17484474275032622
2026-04-27,Hoop Lager,Other,0.526042191773765
2026-05-04,Hoop Lager,Other,1.0766675134064299
2026-05-11,Hoop Lager,Other,5.839550042428708
2026-05-18,Hoop Lager,Other,17.6594470255817
2026-05-25,Hoop Lager,Other,6.711054678854716
2026-06-01,Hoop Lager,Other,7.7182958161141775
2026-06-08,Hoop Lager,Other,0.8213840809231914
2026-06-15,Hoop Lager,Other,1.023786483398397
2026-06-22,Hoop Lager,Other,1.16849380814803
2026-06-29,Hoop Lager,Other,0.9040728452611033
2026-07-06,Hoop Lager,Other,0.8518458500511661
2026-07-13,Hoop Lager,Other,0.8059074432619278
2026-07-20,Hoop Lager,Other,0.4157465199683096
2026-07-27,Hoop Lager,Other,2.544160674329855
2026-08-03,Hoop Lager,Other,2.3020054945123087
2026-08-10,Hoop Lager,Other,1.0940659058279458
2026-08-17,Hoop Lager,Other,7.600606462127994
2026-08-24,Hoop Lager,Other,7.5076743400668855
2026-08-31,Hoop Lager,Other,13.030214186916519
2026-09-07,Hoop Lager,Other,1.6887236233962766
2026-09-14,Hoop Lager,Other,1.691608883916805
2026-09-21,Hoop Lager,Other,0.18798618833882158
2026-09-28,Hoop Lager,Other,0.25047770973053246
2026-10-05,Hoop Lager,Other,0.34914066786409204
2026-10-12,Hoop Lager,Other,0.3455916714371332
2026-10-19,Hoop Lager,Other,0.31124973596534017
2026-10-26,Hoop Lager,Other,0.24954588249949947
2026-11-02,Hoop Lager,Other,0.46313196773806004
2026-11-09,Hoop Lager,Other,0.4605861291806581
2026-11-16,Hoop Lager,Other,1.3669422257777148
2026-11-23,Hoop Lager,Other,2.499088600951868
2026-11-30,Hoop Lager,Other,10.545467950359114
2026-12-07,Hoop Lager,Other,9.951823863144357
2026-12-14,Hoop Lager,Other,5.949633985829389
2026-12-21,Hoop Lager,Other,4.0063214511881835
2026-12-28,Hoop Lager,Other,3.064994752871633
2027-01-04,Hoop Lager,Other,1.3366189496818441
2027-01-11,Hoop Lager,Other,1.3189025787686153
2027-01-18,Hoop Lager,Other,2.5901450053456934
2027-01-25,Hoop Lager,Other,3.4686376361513855
2027-02-01,Hoop Lager,Other,3.8144165845951163
2027-02-08,Hoop Lager,Other,13.001008305056247
